
> starter@0.0.1 build
> vite build && npx playwright install


vite v4.5.3 building SSR bundle for production...
transforming...
11:49:58 AM [vite-plugin-svelte] /Users/yeehow/Development/A4WD/src/routes/admin/+layout.svelte:16:13 Layout has unused export property 'data'. If it is for external reference only, please consider using `export const data`
14:   import { onMount } from "svelte";
15:   import { goto } from "$app/navigation";
16:   export let data;
                 ^
17:   // console.log("data", data);
18: 
11:49:59 AM [vite-plugin-svelte] /Users/yeehow/Development/A4WD/src/routes/(public)/api/newsletter/+page.svelte:3:13 Page has unused export property 'data'. If it is for external reference only, please consider using `export const data`
1: <script>
2:   import { Button } from "carbon-components-svelte";
3:   export let data;
                ^
4:   export let form;
5:   // console.log({
11:49:59 AM [vite-plugin-svelte] /Users/yeehow/Development/A4WD/src/routes/(public)/api/newsletter/+page.svelte:4:13 Page has unused export property 'form'. If it is for external reference only, please consider using `export const form`
2:   import { Button } from "carbon-components-svelte";
3:   export let data;
4:   export let form;
                ^
5:   // console.log({
6:   //   data, form
11:49:59 AM [vite-plugin-svelte] /Users/yeehow/Development/A4WD/src/routes/(public)/booking/detail/+page.svelte:6:13 Page has unused export property 'data'. If it is for external reference only, please consider using `export const data`
4:   import { html as provisional } from "$lib/provisional.js";
5: 
6:   export let data;
                ^
7:   export let form;
8:   // console.log("FORM", form);
11:49:59 AM [vite-plugin-svelte] /Users/yeehow/Development/A4WD/src/routes/(public)/category/[type]/[slug]/+page.svelte:91:6 A11y: visible, non-interactive elements with an on:click event must be accompanied by an on:keydown, on:keyup, or on:keypress event.
89:     </div>
90:     <div class="mt-2">
91:       <a
          ^
92:         class="text-sm text-gray-400 cursor-pointer"
93:         on:click={() => {
11:49:59 AM [vite-plugin-svelte] /Users/yeehow/Development/A4WD/src/routes/(public)/category/[type]/[slug]/+page.svelte:91:6 A11y: <a> element should have an href attribute
89:     </div>
90:     <div class="mt-2">
91:       <a
          ^
92:         class="text-sm text-gray-400 cursor-pointer"
93:         on:click={() => {
11:49:59 AM [vite-plugin-svelte] /Users/yeehow/Development/A4WD/src/routes/(public)/files/+page.svelte:3:15 Page has unused export property 'data'. If it is for external reference only, please consider using `export const data`
1: <script>
2:     /** @type {import('./$types').PageData} */
3:     export let data;
                  ^
4: </script>
11:49:59 AM [vite-plugin-svelte] /Users/yeehow/Development/A4WD/src/routes/(public)/soap/+page.svelte:44:13 Page has unused export property 'data'. If it is for external reference only, please consider using `export const data`
42:   // });
43: 
44:   export let data;
                 ^
45: 
46:   // console.log(data);
11:49:59 AM [vite-plugin-svelte] /Users/yeehow/Development/A4WD/src/routes/(public)/soap/avail/+page.svelte:44:13 Page has unused export property 'data'. If it is for external reference only, please consider using `export const data`
42:   // });
43: 
44:   export let data;
                 ^
45: 
46:   // console.log(data);
11:49:59 AM [vite-plugin-svelte] /Users/yeehow/Development/A4WD/src/routes/(public)/terms/+page.svelte:3:15 Page has unused export property 'data'. If it is for external reference only, please consider using `export const data`
1: <script>
2:     /** @type {import('./$types').PageData} */
3:     export let data;
                  ^
4: </script>
11:49:59 AM [vite-plugin-svelte] /Users/yeehow/Development/A4WD/src/routes/admin/sales/calculator/confirm/+page.svelte:10:15 Page has unused export property 'data'. If it is for external reference only, please consider using `export const data`
 8:     } from "carbon-components-svelte";
 9:   
10:     export let data;
                   ^
11:     export let form;
12:   </script>
11:49:59 AM [vite-plugin-svelte] /Users/yeehow/Development/A4WD/src/routes/admin/sales/calculatorbak/confirm/+page.svelte:10:15 Page has unused export property 'data'. If it is for external reference only, please consider using `export const data`
 8:     } from "carbon-components-svelte";
 9:   
10:     export let data;
                   ^
11:     export let form;
12:   </script>
11:50:00 AM [vite-plugin-svelte] /Users/yeehow/Development/A4WD/src/routes/logoutall/+page.svelte:3:13 Page has unused export property 'data'. If it is for external reference only, please consider using `export const data`
1: <script>
2:   import { supabase } from "$lib/supabaseClient";
3:   export let data;
                ^
4: 
5:   const logoutAll = async () => {
11:50:00 AM [vite-plugin-svelte] /Users/yeehow/Development/A4WD/src/lib/components/public/Testimonials.svelte:131:22 A11y: visible, non-interactive elements with an on:click event must be accompanied by an on:keydown, on:keyup, or on:keypress event.
129:                     </div>
130:                     <div class="mb-5">
131:                       <a class="text-sm text-gray-400 cursor-pointer" on:click={() => {
                           ^
132:                         show[itemIndex] = !show[itemIndex]
133:                       }}>{show[itemIndex] ? "Read less" : "Read more"}</a>
11:50:00 AM [vite-plugin-svelte] /Users/yeehow/Development/A4WD/src/lib/components/public/Testimonials.svelte:131:22 A11y: <a> element should have an href attribute
129:                     </div>
130:                     <div class="mb-5">
131:                       <a class="text-sm text-gray-400 cursor-pointer" on:click={() => {
                           ^
132:                         show[itemIndex] = !show[itemIndex]
133:                       }}>{show[itemIndex] ? "Read less" : "Read more"}</a>
11:50:00 AM [vite-plugin-svelte] /Users/yeehow/Development/A4WD/src/lib/components/public/CategoryCarousel.svelte:16:13 CategoryCarousel has unused export property 'content'. If it is for external reference only, please consider using `export const content`
14:   export let records = [];
15:   export let button = "button";
16:   export let content = false;
                 ^
17: 
18:   const perPage = {
11:50:00 AM [vite-plugin-svelte] /Users/yeehow/Development/A4WD/src/lib/components/admin/InputSelect.svelte:11:13 InputSelect has unused export property 'size'. If it is for external reference only, please consider using `export const size`
 9:   export let required = false;
10:   export let no_blank = false;
11:   export let size = "standard"
                 ^
12: 
13:   // console.log(value);
11:50:00 AM [vite-plugin-svelte] /Users/yeehow/Development/A4WD/src/lib/components/admin/SectionDataTable.svelte:10:13 SectionDataTable has unused export property 'modal'. If it is for external reference only, please consider using `export const modal`
 8:   export let prefix = "";
 9:   export let headers = [{ key: "name", value: "Name" }];
10:   export let modal = false;
                 ^
11:   export let keys = [];
12: 
Browserslist: caniuse-lite is outdated. Please run:
  npx update-browserslist-db@latest
  Why you should do it regularly: https://github.com/browserslist/update-db#readme
11:50:00 AM [vite-plugin-svelte] /Users/yeehow/Development/A4WD/src/routes/(public)/search/SearchClient.svelte:6:13 SearchClient has unused export property 'url'. If it is for external reference only, please consider using `export const url`
4:   export let options;
5:   export let search;
6:   export let url = "/search/redirect";
                ^
7:   export let submit;
8: 
11:50:00 AM [vite-plugin-svelte] /Users/yeehow/Development/A4WD/src/lib/admin/quote/FeeAddons.svelte:10:13 FeeAddons has unused export property 'bond'. If it is for external reference only, please consider using `export const bond`
 8:   export let duration;
 9:   export let count;
10:   export let bond;
                 ^
11: 
12:   // console.log("bond", bond);
11:50:02 AM [vite-plugin-svelte] /Users/yeehow/Development/A4WD/node_modules/carbon-components-svelte/src/ContextMenu/ContextMenu.svelte:156:0 A11y: Non-interactive element <ul> cannot have interactive role 'menu'
154: />
155: 
156: <ul
     ^
157:   bind:this="{ref}"
158:   role="menu"
11:50:02 AM [vite-plugin-svelte] /Users/yeehow/Development/A4WD/node_modules/carbon-components-svelte/src/OverflowMenu/OverflowMenu.svelte:245:4 A11y: Non-interactive element <ul> cannot have interactive role 'menu'
243:   </slot>
244:   {#if open}
245:     <ul
         ^
246:       bind:this="{menuRef}"
247:       role="menu"
11:50:02 AM [vite-plugin-svelte] /Users/yeehow/Development/A4WD/node_modules/carbon-components-svelte/src/ProgressIndicator/ProgressStep.svelte:56:2 A11y: The attribute 'aria-disabled' is not supported by the role 'listitem'. This role is implicit on the element <li>.
54: <!-- svelte-ignore a11y-mouse-events-have-key-events -->
55: <li
56:   aria-disabled="{disabled}"
      ^
57:   id="{id}"
58:   class:bx--progress-step="{true}"
11:50:02 AM [vite-plugin-svelte] /Users/yeehow/Development/A4WD/node_modules/carbon-components-svelte/src/Tabs/Tabs.svelte:154:2 A11y: Non-interactive element <ul> cannot have interactive role 'tablist'
152:     <ChevronDown aria-hidden="true" title="{iconDescription}" />
153:   </div>
154:   <ul
       ^
155:     bind:this="{refTabList}"
156:     role="tablist"
11:50:02 AM [vite-plugin-svelte] /Users/yeehow/Development/A4WD/node_modules/carbon-components-svelte/src/TreeView/TreeView.svelte:191:0 A11y: Non-interactive element <ul> cannot have interactive role 'tree'
189: {/if}
190: 
191: <ul
     ^
192:   {...$$restProps}
193:   role="tree"
11:50:02 AM [vite-plugin-svelte] /Users/yeehow/Development/A4WD/node_modules/carbon-components-svelte/src/UIShell/HeaderNav.svelte:9:2 A11y: Non-interactive element <ul> cannot have interactive role 'menubar'
 7: 
 8: <nav {...props} class:bx--header__nav="{true}" {...$$restProps}>
 9:   <ul {...props} role="menubar" class:bx--header__menu-bar="{true}">
      ^
10:     <slot />
11:   </ul>
11:50:02 AM [vite-plugin-svelte] /Users/yeehow/Development/A4WD/node_modules/carbon-components-svelte/src/UIShell/HeaderNavMenu.svelte:97:2 A11y: Non-interactive element <ul> cannot have interactive role 'menu'
 95:     <ChevronDown class="bx--header__menu-arrow" />
 96:   </a>
 97:   <ul
       ^
 98:     bind:this="{menuRef}"
 99:     role="menu"
11:50:02 AM [vite-plugin-svelte] /Users/yeehow/Development/A4WD/node_modules/carbon-components-svelte/src/UIShell/SideNavMenu.svelte:51:2 A11y: Non-interactive element <ul> cannot have interactive role 'menu'
49:     </div>
50:   </button>
51:   <ul
      ^
52:     role="menu"
53:     class:bx--side-nav__menu="{true}"
11:50:02 AM [vite-plugin-svelte] /Users/yeehow/Development/A4WD/node_modules/carbon-components-svelte/src/UIShell/HeaderSearch.svelte:137:4 A11y: Non-interactive element <ul> cannot have interactive role 'menu'
135: 
136:   {#if active && results.length > 0}
137:     <ul aria-labelledby="search-label" role="menu" id="search-menu">
         ^
138:       {#each results as result, i}
139:         <li role="none">
11:50:02 AM [vite-plugin-svelte] /Users/yeehow/Development/A4WD/node_modules/carbon-components-svelte/src/TreeView/TreeViewNodeList.svelte:75:2 A11y: Non-interactive element <li> cannot have interactive role 'treeitem'
73:   {/each}
74: {:else}
75:   <li
      ^
76:     bind:this="{ref}"
77:     role="treeitem"
11:50:02 AM [vite-plugin-svelte] /Users/yeehow/Development/A4WD/node_modules/carbon-components-svelte/src/TreeView/TreeViewNode.svelte:78:0 A11y: Non-interactive element <li> cannot have interactive role 'treeitem'
76: </script>
77: 
78: <li
    ^
79:   bind:this="{ref}"
80:   role="treeitem"
"jsPDF" is imported from external module "jspdf" but never used in "src/routes/admin/sales/final/[id]/+page.svelte", "src/routes/admin/sales/provisional/[id]/+page.svelte", "src/lib/pdf.js" and "src/routes/admin/sales/booking/bak/+page.svelte".
"default" is imported from external module "jspdf-autotable" but never used in "src/lib/pdf.js".
✓ 1028 modules transformed.
rendering chunks...

vite v4.5.3 building for production...
transforming...
11:50:04 AM [vite-plugin-svelte] /Users/yeehow/Development/A4WD/src/routes/admin/+layout.svelte:16:13 Layout has unused export property 'data'. If it is for external reference only, please consider using `export const data`
14:   import { onMount } from "svelte";
15:   import { goto } from "$app/navigation";
16:   export let data;
                 ^
17:   // console.log("data", data);
18: 
11:50:05 AM [vite-plugin-svelte] /Users/yeehow/Development/A4WD/src/routes/(public)/api/newsletter/+page.svelte:3:13 Page has unused export property 'data'. If it is for external reference only, please consider using `export const data`
1: <script>
2:   import { Button } from "carbon-components-svelte";
3:   export let data;
                ^
4:   export let form;
5:   // console.log({
11:50:05 AM [vite-plugin-svelte] /Users/yeehow/Development/A4WD/src/routes/(public)/api/newsletter/+page.svelte:4:13 Page has unused export property 'form'. If it is for external reference only, please consider using `export const form`
2:   import { Button } from "carbon-components-svelte";
3:   export let data;
4:   export let form;
                ^
5:   // console.log({
6:   //   data, form
11:50:05 AM [vite-plugin-svelte] /Users/yeehow/Development/A4WD/src/routes/(public)/booking/detail/+page.svelte:6:13 Page has unused export property 'data'. If it is for external reference only, please consider using `export const data`
4:   import { html as provisional } from "$lib/provisional.js";
5: 
6:   export let data;
                ^
7:   export let form;
8:   // console.log("FORM", form);
11:50:05 AM [vite-plugin-svelte] /Users/yeehow/Development/A4WD/src/routes/(public)/category/[type]/[slug]/+page.svelte:91:6 A11y: visible, non-interactive elements with an on:click event must be accompanied by an on:keydown, on:keyup, or on:keypress event.
89:     </div>
90:     <div class="mt-2">
91:       <a
          ^
92:         class="text-sm text-gray-400 cursor-pointer"
93:         on:click={() => {
11:50:05 AM [vite-plugin-svelte] /Users/yeehow/Development/A4WD/src/routes/(public)/category/[type]/[slug]/+page.svelte:91:6 A11y: <a> element should have an href attribute
89:     </div>
90:     <div class="mt-2">
91:       <a
          ^
92:         class="text-sm text-gray-400 cursor-pointer"
93:         on:click={() => {
11:50:05 AM [vite-plugin-svelte] /Users/yeehow/Development/A4WD/src/routes/(public)/files/+page.svelte:3:15 Page has unused export property 'data'. If it is for external reference only, please consider using `export const data`
1: <script>
2:     /** @type {import('./$types').PageData} */
3:     export let data;
                  ^
4: </script>
11:50:06 AM [vite-plugin-svelte] /Users/yeehow/Development/A4WD/src/routes/(public)/soap/avail/+page.svelte:44:13 Page has unused export property 'data'. If it is for external reference only, please consider using `export const data`
42:   // });
43: 
44:   export let data;
                 ^
45: 
46:   // console.log(data);
11:50:06 AM [vite-plugin-svelte] /Users/yeehow/Development/A4WD/src/routes/(public)/soap/+page.svelte:44:13 Page has unused export property 'data'. If it is for external reference only, please consider using `export const data`
42:   // });
43: 
44:   export let data;
                 ^
45: 
46:   // console.log(data);
11:50:06 AM [vite-plugin-svelte] /Users/yeehow/Development/A4WD/src/routes/(public)/terms/+page.svelte:3:15 Page has unused export property 'data'. If it is for external reference only, please consider using `export const data`
1: <script>
2:     /** @type {import('./$types').PageData} */
3:     export let data;
                  ^
4: </script>
11:50:07 AM [vite-plugin-svelte] /Users/yeehow/Development/A4WD/src/routes/admin/sales/calculator/confirm/+page.svelte:10:15 Page has unused export property 'data'. If it is for external reference only, please consider using `export const data`
 8:     } from "carbon-components-svelte";
 9:   
10:     export let data;
                   ^
11:     export let form;
12:   </script>
11:50:07 AM [vite-plugin-svelte] /Users/yeehow/Development/A4WD/src/routes/admin/sales/calculatorbak/confirm/+page.svelte:10:15 Page has unused export property 'data'. If it is for external reference only, please consider using `export const data`
 8:     } from "carbon-components-svelte";
 9:   
10:     export let data;
                   ^
11:     export let form;
12:   </script>
11:50:08 AM [vite-plugin-svelte] /Users/yeehow/Development/A4WD/src/routes/logoutall/+page.svelte:3:13 Page has unused export property 'data'. If it is for external reference only, please consider using `export const data`
1: <script>
2:   import { supabase } from "$lib/supabaseClient";
3:   export let data;
                ^
4: 
5:   const logoutAll = async () => {
11:50:08 AM [vite-plugin-svelte] /Users/yeehow/Development/A4WD/src/lib/components/public/Testimonials.svelte:131:22 A11y: visible, non-interactive elements with an on:click event must be accompanied by an on:keydown, on:keyup, or on:keypress event.
129:                     </div>
130:                     <div class="mb-5">
131:                       <a class="text-sm text-gray-400 cursor-pointer" on:click={() => {
                           ^
132:                         show[itemIndex] = !show[itemIndex]
133:                       }}>{show[itemIndex] ? "Read less" : "Read more"}</a>
11:50:08 AM [vite-plugin-svelte] /Users/yeehow/Development/A4WD/src/lib/components/public/Testimonials.svelte:131:22 A11y: <a> element should have an href attribute
129:                     </div>
130:                     <div class="mb-5">
131:                       <a class="text-sm text-gray-400 cursor-pointer" on:click={() => {
                           ^
132:                         show[itemIndex] = !show[itemIndex]
133:                       }}>{show[itemIndex] ? "Read less" : "Read more"}</a>
11:50:08 AM [vite-plugin-svelte] /Users/yeehow/Development/A4WD/src/lib/components/public/CategoryCarousel.svelte:16:13 CategoryCarousel has unused export property 'content'. If it is for external reference only, please consider using `export const content`
14:   export let records = [];
15:   export let button = "button";
16:   export let content = false;
                 ^
17: 
18:   const perPage = {
11:50:09 AM [vite-plugin-svelte] /Users/yeehow/Development/A4WD/src/lib/components/admin/InputSelect.svelte:11:13 InputSelect has unused export property 'size'. If it is for external reference only, please consider using `export const size`
 9:   export let required = false;
10:   export let no_blank = false;
11:   export let size = "standard"
                 ^
12: 
13:   // console.log(value);
11:50:09 AM [vite-plugin-svelte] /Users/yeehow/Development/A4WD/src/lib/components/admin/SectionDataTable.svelte:10:13 SectionDataTable has unused export property 'modal'. If it is for external reference only, please consider using `export const modal`
 8:   export let prefix = "";
 9:   export let headers = [{ key: "name", value: "Name" }];
10:   export let modal = false;
                 ^
11:   export let keys = [];
12: 
11:50:10 AM [vite-plugin-svelte] /Users/yeehow/Development/A4WD/src/routes/(public)/search/SearchClient.svelte:6:13 SearchClient has unused export property 'url'. If it is for external reference only, please consider using `export const url`
4:   export let options;
5:   export let search;
6:   export let url = "/search/redirect";
                ^
7:   export let submit;
8: 
11:50:10 AM [vite-plugin-svelte] /Users/yeehow/Development/A4WD/src/lib/admin/quote/FeeAddons.svelte:10:13 FeeAddons has unused export property 'bond'. If it is for external reference only, please consider using `export const bond`
 8:   export let duration;
 9:   export let count;
10:   export let bond;
                 ^
11: 
12:   // console.log("bond", bond);
11:50:12 AM [vite-plugin-svelte] /Users/yeehow/Development/A4WD/node_modules/carbon-components-svelte/src/ContextMenu/ContextMenu.svelte:156:0 A11y: Non-interactive element <ul> cannot have interactive role 'menu'
154: />
155: 
156: <ul
     ^
157:   bind:this="{ref}"
158:   role="menu"
11:50:13 AM [vite-plugin-svelte] /Users/yeehow/Development/A4WD/node_modules/carbon-components-svelte/src/OverflowMenu/OverflowMenu.svelte:245:4 A11y: Non-interactive element <ul> cannot have interactive role 'menu'
243:   </slot>
244:   {#if open}
245:     <ul
         ^
246:       bind:this="{menuRef}"
247:       role="menu"
11:50:13 AM [vite-plugin-svelte] /Users/yeehow/Development/A4WD/node_modules/carbon-components-svelte/src/ProgressIndicator/ProgressStep.svelte:56:2 A11y: The attribute 'aria-disabled' is not supported by the role 'listitem'. This role is implicit on the element <li>.
54: <!-- svelte-ignore a11y-mouse-events-have-key-events -->
55: <li
56:   aria-disabled="{disabled}"
      ^
57:   id="{id}"
58:   class:bx--progress-step="{true}"
11:50:14 AM [vite-plugin-svelte] /Users/yeehow/Development/A4WD/node_modules/carbon-components-svelte/src/Tabs/Tabs.svelte:154:2 A11y: Non-interactive element <ul> cannot have interactive role 'tablist'
152:     <ChevronDown aria-hidden="true" title="{iconDescription}" />
153:   </div>
154:   <ul
       ^
155:     bind:this="{refTabList}"
156:     role="tablist"
11:50:14 AM [vite-plugin-svelte] /Users/yeehow/Development/A4WD/node_modules/carbon-components-svelte/src/TreeView/TreeView.svelte:191:0 A11y: Non-interactive element <ul> cannot have interactive role 'tree'
189: {/if}
190: 
191: <ul
     ^
192:   {...$$restProps}
193:   role="tree"
11:50:14 AM [vite-plugin-svelte] /Users/yeehow/Development/A4WD/node_modules/carbon-components-svelte/src/UIShell/HeaderNav.svelte:9:2 A11y: Non-interactive element <ul> cannot have interactive role 'menubar'
 7: 
 8: <nav {...props} class:bx--header__nav="{true}" {...$$restProps}>
 9:   <ul {...props} role="menubar" class:bx--header__menu-bar="{true}">
      ^
10:     <slot />
11:   </ul>
11:50:14 AM [vite-plugin-svelte] /Users/yeehow/Development/A4WD/node_modules/carbon-components-svelte/src/UIShell/HeaderNavMenu.svelte:97:2 A11y: Non-interactive element <ul> cannot have interactive role 'menu'
 95:     <ChevronDown class="bx--header__menu-arrow" />
 96:   </a>
 97:   <ul
       ^
 98:     bind:this="{menuRef}"
 99:     role="menu"
11:50:14 AM [vite-plugin-svelte] /Users/yeehow/Development/A4WD/node_modules/carbon-components-svelte/src/UIShell/SideNavMenu.svelte:51:2 A11y: Non-interactive element <ul> cannot have interactive role 'menu'
49:     </div>
50:   </button>
51:   <ul
      ^
52:     role="menu"
53:     class:bx--side-nav__menu="{true}"
11:50:14 AM [vite-plugin-svelte] /Users/yeehow/Development/A4WD/node_modules/carbon-components-svelte/src/UIShell/HeaderSearch.svelte:137:4 A11y: Non-interactive element <ul> cannot have interactive role 'menu'
135: 
136:   {#if active && results.length > 0}
137:     <ul aria-labelledby="search-label" role="menu" id="search-menu">
         ^
138:       {#each results as result, i}
139:         <li role="none">
11:50:14 AM [vite-plugin-svelte] /Users/yeehow/Development/A4WD/node_modules/carbon-components-svelte/src/TreeView/TreeViewNodeList.svelte:75:2 A11y: Non-interactive element <li> cannot have interactive role 'treeitem'
73:   {/each}
74: {:else}
75:   <li
      ^
76:     bind:this="{ref}"
77:     role="treeitem"
11:50:15 AM [vite-plugin-svelte] /Users/yeehow/Development/A4WD/node_modules/carbon-components-svelte/src/TreeView/TreeViewNode.svelte:78:0 A11y: Non-interactive element <li> cannot have interactive role 'treeitem'
76: </script>
77: 
78: <li
    ^
79:   bind:this="{ref}"
80:   role="treeitem"
✓ 1728 modules transformed.
rendering chunks...
computing gzip size...
.svelte-kit/output/client/_app/version.json                                             0.03 kB │ gzip:   0.05 kB
.svelte-kit/output/client/.vite/manifest.json                                         174.20 kB │ gzip:  11.68 kB
.svelte-kit/output/client/_app/immutable/assets/honeypot.016491f8.css                   0.10 kB │ gzip:   0.11 kB
.svelte-kit/output/client/_app/immutable/assets/splide.f4346e0b.css                     5.01 kB │ gzip:   1.32 kB
.svelte-kit/output/client/_app/immutable/assets/0.960e1929.css                        615.26 kB │ gzip:  61.04 kB
.svelte-kit/output/client/_app/immutable/chunks/public.44708289.js                      0.05 kB │ gzip:   0.07 kB
.svelte-kit/output/client/_app/immutable/chunks/navigation.7f592809.js                  0.10 kB │ gzip:   0.11 kB
.svelte-kit/output/client/_app/immutable/chunks/format.9839018c.js                      0.13 kB │ gzip:   0.13 kB
.svelte-kit/output/client/_app/immutable/chunks/tabs.ff97e85e.js                        0.16 kB │ gzip:   0.15 kB
.svelte-kit/output/client/_app/immutable/chunks/tabs.5f0e210c.js                        0.17 kB │ gzip:   0.15 kB
.svelte-kit/output/client/_app/immutable/chunks/tabs.0d90e713.js                        0.17 kB │ gzip:   0.15 kB
.svelte-kit/output/client/_app/immutable/chunks/tabs.509c367e.js                        0.17 kB │ gzip:   0.15 kB
.svelte-kit/output/client/_app/immutable/chunks/tabs.753ed76d.js                        0.17 kB │ gzip:   0.16 kB
.svelte-kit/output/client/_app/immutable/chunks/tabs.5b80dc03.js                        0.17 kB │ gzip:   0.15 kB
.svelte-kit/output/client/_app/immutable/chunks/paths.e7370d9f.js                       0.17 kB │ gzip:   0.14 kB
.svelte-kit/output/client/_app/immutable/chunks/tabs.b774db9c.js                        0.18 kB │ gzip:   0.16 kB
.svelte-kit/output/client/_app/immutable/chunks/tabs.2beb0fc3.js                        0.18 kB │ gzip:   0.15 kB
.svelte-kit/output/client/_app/immutable/nodes/111.81032648.js                          0.23 kB │ gzip:   0.20 kB
.svelte-kit/output/client/_app/immutable/nodes/139.81032648.js                          0.23 kB │ gzip:   0.20 kB
.svelte-kit/output/client/_app/immutable/nodes/138.81032648.js                          0.23 kB │ gzip:   0.20 kB
.svelte-kit/output/client/_app/immutable/nodes/142.81032648.js                          0.23 kB │ gzip:   0.20 kB
.svelte-kit/output/client/_app/immutable/chunks/file.fc2ab7a0.js                        0.23 kB │ gzip:   0.20 kB
.svelte-kit/output/client/_app/immutable/nodes/189.3b8691b9.js                          0.29 kB │ gzip:   0.23 kB
.svelte-kit/output/client/_app/immutable/chunks/stores.5005aa47.js                      0.30 kB │ gzip:   0.18 kB
.svelte-kit/output/client/_app/immutable/chunks/tabs.91251909.js                        0.30 kB │ gzip:   0.19 kB
.svelte-kit/output/client/_app/immutable/nodes/103.f7945d86.js                          0.39 kB │ gzip:   0.29 kB
.svelte-kit/output/client/_app/immutable/nodes/135.43f7e07c.js                          0.39 kB │ gzip:   0.29 kB
.svelte-kit/output/client/_app/immutable/nodes/202.43f7e07c.js                          0.39 kB │ gzip:   0.29 kB
.svelte-kit/output/client/_app/immutable/nodes/213.43f7e07c.js                          0.39 kB │ gzip:   0.29 kB
.svelte-kit/output/client/_app/immutable/nodes/218.43f7e07c.js                          0.39 kB │ gzip:   0.29 kB
.svelte-kit/output/client/_app/immutable/nodes/188.1cded717.js                          0.40 kB │ gzip:   0.29 kB
.svelte-kit/output/client/_app/immutable/nodes/298.a8587046.js                          0.40 kB │ gzip:   0.30 kB
.svelte-kit/output/client/_app/immutable/chunks/isBetween.31bb20ba.js                   0.48 kB │ gzip:   0.28 kB
.svelte-kit/output/client/_app/immutable/chunks/InputHidden.6891a72c.js                 0.56 kB │ gzip:   0.38 kB
.svelte-kit/output/client/_app/immutable/nodes/315.a8c261f1.js                          0.56 kB │ gzip:   0.39 kB
.svelte-kit/output/client/_app/immutable/nodes/112.db33fb9e.js                          0.61 kB │ gzip:   0.41 kB
.svelte-kit/output/client/_app/immutable/nodes/45.d1394e22.js                           0.65 kB │ gzip:   0.43 kB
.svelte-kit/output/client/_app/immutable/chunks/honeypot.cd1b9f1a.js                    0.65 kB │ gzip:   0.42 kB
.svelte-kit/output/client/_app/immutable/nodes/4.afb93cde.js                            0.67 kB │ gzip:   0.43 kB
.svelte-kit/output/client/_app/immutable/nodes/7.afb93cde.js                            0.67 kB │ gzip:   0.43 kB
.svelte-kit/output/client/_app/immutable/nodes/12.afb93cde.js                           0.67 kB │ gzip:   0.43 kB
.svelte-kit/output/client/_app/immutable/nodes/14.afb93cde.js                           0.67 kB │ gzip:   0.43 kB
.svelte-kit/output/client/_app/immutable/nodes/9.afb93cde.js                            0.67 kB │ gzip:   0.43 kB
.svelte-kit/output/client/_app/immutable/nodes/18.afb93cde.js                           0.67 kB │ gzip:   0.43 kB
.svelte-kit/output/client/_app/immutable/nodes/16.afb93cde.js                           0.67 kB │ gzip:   0.43 kB
.svelte-kit/output/client/_app/immutable/nodes/21.afb93cde.js                           0.67 kB │ gzip:   0.43 kB
.svelte-kit/output/client/_app/immutable/nodes/20.afb93cde.js                           0.67 kB │ gzip:   0.43 kB
.svelte-kit/output/client/_app/immutable/nodes/22.afb93cde.js                           0.67 kB │ gzip:   0.43 kB
.svelte-kit/output/client/_app/immutable/nodes/23.afb93cde.js                           0.67 kB │ gzip:   0.43 kB
.svelte-kit/output/client/_app/immutable/nodes/24.afb93cde.js                           0.67 kB │ gzip:   0.43 kB
.svelte-kit/output/client/_app/immutable/nodes/26.afb93cde.js                           0.67 kB │ gzip:   0.43 kB
.svelte-kit/output/client/_app/immutable/nodes/25.afb93cde.js                           0.67 kB │ gzip:   0.43 kB
.svelte-kit/output/client/_app/immutable/nodes/28.afb93cde.js                           0.67 kB │ gzip:   0.43 kB
.svelte-kit/output/client/_app/immutable/nodes/29.afb93cde.js                           0.67 kB │ gzip:   0.43 kB
.svelte-kit/output/client/_app/immutable/nodes/27.afb93cde.js                           0.67 kB │ gzip:   0.43 kB
.svelte-kit/output/client/_app/immutable/nodes/30.afb93cde.js                           0.67 kB │ gzip:   0.43 kB
.svelte-kit/output/client/_app/immutable/nodes/31.afb93cde.js                           0.67 kB │ gzip:   0.43 kB
.svelte-kit/output/client/_app/immutable/nodes/32.afb93cde.js                           0.67 kB │ gzip:   0.43 kB
.svelte-kit/output/client/_app/immutable/nodes/35.afb93cde.js                           0.67 kB │ gzip:   0.43 kB
.svelte-kit/output/client/_app/immutable/nodes/34.afb93cde.js                           0.67 kB │ gzip:   0.43 kB
.svelte-kit/output/client/_app/immutable/nodes/37.afb93cde.js                           0.67 kB │ gzip:   0.43 kB
.svelte-kit/output/client/_app/immutable/nodes/36.afb93cde.js                           0.67 kB │ gzip:   0.43 kB
.svelte-kit/output/client/_app/immutable/nodes/38.afb93cde.js                           0.67 kB │ gzip:   0.43 kB
.svelte-kit/output/client/_app/immutable/nodes/33.afb93cde.js                           0.67 kB │ gzip:   0.43 kB
.svelte-kit/output/client/_app/immutable/nodes/40.afb93cde.js                           0.67 kB │ gzip:   0.43 kB
.svelte-kit/output/client/_app/immutable/nodes/39.afb93cde.js                           0.67 kB │ gzip:   0.43 kB
.svelte-kit/output/client/_app/immutable/nodes/41.afb93cde.js                           0.67 kB │ gzip:   0.43 kB
.svelte-kit/output/client/_app/immutable/nodes/43.afb93cde.js                           0.67 kB │ gzip:   0.43 kB
.svelte-kit/output/client/_app/immutable/nodes/48.afb93cde.js                           0.67 kB │ gzip:   0.43 kB
.svelte-kit/output/client/_app/immutable/nodes/53.afb93cde.js                           0.67 kB │ gzip:   0.43 kB
.svelte-kit/output/client/_app/immutable/nodes/51.afb93cde.js                           0.67 kB │ gzip:   0.43 kB
.svelte-kit/output/client/_app/immutable/nodes/54.afb93cde.js                           0.67 kB │ gzip:   0.43 kB
.svelte-kit/output/client/_app/immutable/nodes/60.afb93cde.js                           0.67 kB │ gzip:   0.43 kB
.svelte-kit/output/client/_app/immutable/nodes/63.afb93cde.js                           0.67 kB │ gzip:   0.43 kB
.svelte-kit/output/client/_app/immutable/nodes/65.afb93cde.js                           0.67 kB │ gzip:   0.43 kB
.svelte-kit/output/client/_app/immutable/nodes/70.afb93cde.js                           0.67 kB │ gzip:   0.43 kB
.svelte-kit/output/client/_app/immutable/nodes/68.afb93cde.js                           0.67 kB │ gzip:   0.43 kB
.svelte-kit/output/client/_app/immutable/nodes/72.afb93cde.js                           0.67 kB │ gzip:   0.43 kB
.svelte-kit/output/client/_app/immutable/nodes/74.afb93cde.js                           0.67 kB │ gzip:   0.43 kB
.svelte-kit/output/client/_app/immutable/nodes/77.afb93cde.js                           0.67 kB │ gzip:   0.43 kB
.svelte-kit/output/client/_app/immutable/nodes/82.afb93cde.js                           0.67 kB │ gzip:   0.43 kB
.svelte-kit/output/client/_app/immutable/nodes/80.afb93cde.js                           0.67 kB │ gzip:   0.43 kB
.svelte-kit/output/client/_app/immutable/nodes/84.afb93cde.js                           0.67 kB │ gzip:   0.43 kB
.svelte-kit/output/client/_app/immutable/nodes/85.afb93cde.js                           0.67 kB │ gzip:   0.43 kB
.svelte-kit/output/client/_app/immutable/nodes/83.afb93cde.js                           0.67 kB │ gzip:   0.43 kB
.svelte-kit/output/client/_app/immutable/nodes/90.afb93cde.js                           0.67 kB │ gzip:   0.43 kB
.svelte-kit/output/client/_app/immutable/nodes/89.afb93cde.js                           0.67 kB │ gzip:   0.43 kB
.svelte-kit/output/client/_app/immutable/nodes/88.afb93cde.js                           0.67 kB │ gzip:   0.43 kB
.svelte-kit/output/client/_app/immutable/nodes/5.a62f9062.js                            0.68 kB │ gzip:   0.44 kB
.svelte-kit/output/client/_app/immutable/nodes/6.a62f9062.js                            0.68 kB │ gzip:   0.44 kB
.svelte-kit/output/client/_app/immutable/nodes/10.a62f9062.js                           0.68 kB │ gzip:   0.44 kB
.svelte-kit/output/client/_app/immutable/nodes/11.a62f9062.js                           0.68 kB │ gzip:   0.44 kB
.svelte-kit/output/client/_app/immutable/nodes/13.a62f9062.js                           0.68 kB │ gzip:   0.44 kB
.svelte-kit/output/client/_app/immutable/nodes/8.a62f9062.js                            0.68 kB │ gzip:   0.44 kB
.svelte-kit/output/client/_app/immutable/nodes/17.a62f9062.js                           0.68 kB │ gzip:   0.44 kB
.svelte-kit/output/client/_app/immutable/nodes/19.a62f9062.js                           0.68 kB │ gzip:   0.44 kB
.svelte-kit/output/client/_app/immutable/nodes/15.a62f9062.js                           0.68 kB │ gzip:   0.44 kB
.svelte-kit/output/client/_app/immutable/nodes/42.a62f9062.js                           0.68 kB │ gzip:   0.44 kB
.svelte-kit/output/client/_app/immutable/nodes/44.a62f9062.js                           0.68 kB │ gzip:   0.44 kB
.svelte-kit/output/client/_app/immutable/nodes/49.a62f9062.js                           0.68 kB │ gzip:   0.44 kB
.svelte-kit/output/client/_app/immutable/nodes/47.a62f9062.js                           0.68 kB │ gzip:   0.44 kB
.svelte-kit/output/client/_app/immutable/nodes/46.a62f9062.js                           0.68 kB │ gzip:   0.44 kB
.svelte-kit/output/client/_app/immutable/nodes/50.a62f9062.js                           0.68 kB │ gzip:   0.44 kB
.svelte-kit/output/client/_app/immutable/nodes/52.a62f9062.js                           0.68 kB │ gzip:   0.44 kB
.svelte-kit/output/client/_app/immutable/nodes/56.a62f9062.js                           0.68 kB │ gzip:   0.44 kB
.svelte-kit/output/client/_app/immutable/nodes/55.a62f9062.js                           0.68 kB │ gzip:   0.44 kB
.svelte-kit/output/client/_app/immutable/nodes/57.a62f9062.js                           0.68 kB │ gzip:   0.44 kB
.svelte-kit/output/client/_app/immutable/nodes/58.a62f9062.js                           0.68 kB │ gzip:   0.44 kB
.svelte-kit/output/client/_app/immutable/nodes/59.a62f9062.js                           0.68 kB │ gzip:   0.44 kB
.svelte-kit/output/client/_app/immutable/nodes/61.a62f9062.js                           0.68 kB │ gzip:   0.44 kB
.svelte-kit/output/client/_app/immutable/nodes/62.a62f9062.js                           0.68 kB │ gzip:   0.44 kB
.svelte-kit/output/client/_app/immutable/nodes/64.a62f9062.js                           0.68 kB │ gzip:   0.44 kB
.svelte-kit/output/client/_app/immutable/nodes/66.a62f9062.js                           0.68 kB │ gzip:   0.44 kB
.svelte-kit/output/client/_app/immutable/nodes/69.a62f9062.js                           0.68 kB │ gzip:   0.44 kB
.svelte-kit/output/client/_app/immutable/nodes/67.a62f9062.js                           0.68 kB │ gzip:   0.44 kB
.svelte-kit/output/client/_app/immutable/nodes/71.a62f9062.js                           0.68 kB │ gzip:   0.44 kB
.svelte-kit/output/client/_app/immutable/nodes/73.a62f9062.js                           0.68 kB │ gzip:   0.44 kB
.svelte-kit/output/client/_app/immutable/nodes/75.a62f9062.js                           0.68 kB │ gzip:   0.44 kB
.svelte-kit/output/client/_app/immutable/nodes/76.a62f9062.js                           0.68 kB │ gzip:   0.44 kB
.svelte-kit/output/client/_app/immutable/nodes/79.a62f9062.js                           0.68 kB │ gzip:   0.44 kB
.svelte-kit/output/client/_app/immutable/nodes/81.a62f9062.js                           0.68 kB │ gzip:   0.44 kB
.svelte-kit/output/client/_app/immutable/nodes/78.a62f9062.js                           0.68 kB │ gzip:   0.44 kB
.svelte-kit/output/client/_app/immutable/nodes/86.a62f9062.js                           0.68 kB │ gzip:   0.44 kB
.svelte-kit/output/client/_app/immutable/nodes/87.a62f9062.js                           0.68 kB │ gzip:   0.44 kB
.svelte-kit/output/client/_app/immutable/nodes/317.62345fdb.js                          0.75 kB │ gzip:   0.51 kB
.svelte-kit/output/client/_app/immutable/chunks/theme.56182782.js                       0.78 kB │ gzip:   0.37 kB
.svelte-kit/output/client/_app/immutable/nodes/1.644da42c.js                            0.80 kB │ gzip:   0.50 kB
.svelte-kit/output/client/_app/immutable/chunks/index.aacd1bb2.js                       0.82 kB │ gzip:   0.50 kB
.svelte-kit/output/client/_app/immutable/nodes/164.c2b72827.js                          0.86 kB │ gzip:   0.49 kB
.svelte-kit/output/client/_app/immutable/chunks/preload-helper.a4192956.js              0.89 kB │ gzip:   0.55 kB
.svelte-kit/output/client/_app/immutable/nodes/239.d20e6291.js                          0.90 kB │ gzip:   0.51 kB
.svelte-kit/output/client/_app/immutable/nodes/244.8edb49f4.js                          0.90 kB │ gzip:   0.51 kB
.svelte-kit/output/client/_app/immutable/nodes/242.9e1c004b.js                          0.90 kB │ gzip:   0.51 kB
.svelte-kit/output/client/_app/immutable/chunks/Confirmation.2548bf5c.js                0.92 kB │ gzip:   0.54 kB
.svelte-kit/output/client/_app/immutable/nodes/233.873a5244.js                          0.92 kB │ gzip:   0.52 kB
.svelte-kit/output/client/_app/immutable/nodes/166.af4e2064.js                          0.92 kB │ gzip:   0.52 kB
.svelte-kit/output/client/_app/immutable/nodes/162.ef10f967.js                          0.92 kB │ gzip:   0.52 kB
.svelte-kit/output/client/_app/immutable/nodes/168.f920b3c2.js                          0.93 kB │ gzip:   0.52 kB
.svelte-kit/output/client/_app/immutable/nodes/170.307f51f2.js                          0.93 kB │ gzip:   0.51 kB
.svelte-kit/output/client/_app/immutable/nodes/172.5a6abf94.js                          0.93 kB │ gzip:   0.52 kB
.svelte-kit/output/client/_app/immutable/nodes/178.debcb3e0.js                          0.93 kB │ gzip:   0.52 kB
.svelte-kit/output/client/_app/immutable/nodes/160.c773e108.js                          0.94 kB │ gzip:   0.52 kB
.svelte-kit/output/client/_app/immutable/nodes/240.bbbb9f4d.js                          0.94 kB │ gzip:   0.51 kB
.svelte-kit/output/client/_app/immutable/nodes/245.d6a93b2b.js                          0.94 kB │ gzip:   0.52 kB
.svelte-kit/output/client/_app/immutable/nodes/243.0677e933.js                          0.94 kB │ gzip:   0.51 kB
.svelte-kit/output/client/_app/immutable/nodes/263.3a820f8a.js                          0.96 kB │ gzip:   0.53 kB
.svelte-kit/output/client/_app/immutable/nodes/261.3a9484f0.js                          0.97 kB │ gzip:   0.54 kB
.svelte-kit/output/client/_app/immutable/nodes/267.6f83c572.js                          0.97 kB │ gzip:   0.54 kB
.svelte-kit/output/client/_app/immutable/nodes/269.ef7164a2.js                          0.97 kB │ gzip:   0.53 kB
.svelte-kit/output/client/_app/immutable/nodes/265.5ebaacd5.js                          0.97 kB │ gzip:   0.53 kB
.svelte-kit/output/client/_app/immutable/nodes/291.56f5e43d.js                          1.00 kB │ gzip:   0.55 kB
.svelte-kit/output/client/_app/immutable/nodes/289.82b11a5e.js                          1.01 kB │ gzip:   0.56 kB
.svelte-kit/output/client/_app/immutable/nodes/180.328769f1.js                          1.01 kB │ gzip:   0.55 kB
.svelte-kit/output/client/_app/immutable/nodes/312.2ba6bceb.js                          1.01 kB │ gzip:   0.56 kB
.svelte-kit/output/client/_app/immutable/nodes/184.1c566deb.js                          1.02 kB │ gzip:   0.56 kB
.svelte-kit/output/client/_app/immutable/chunks/Title.2e562ef9.js                       1.02 kB │ gzip:   0.61 kB
.svelte-kit/output/client/_app/immutable/nodes/174.ab443b2a.js                          1.02 kB │ gzip:   0.56 kB
.svelte-kit/output/client/_app/immutable/nodes/271.e2f85bb0.js                          1.02 kB │ gzip:   0.56 kB
.svelte-kit/output/client/_app/immutable/nodes/153.7d808c86.js                          1.04 kB │ gzip:   0.57 kB
.svelte-kit/output/client/_app/immutable/nodes/182.07bd0ce9.js                          1.04 kB │ gzip:   0.57 kB
.svelte-kit/output/client/_app/immutable/nodes/247.149f25c8.js                          1.04 kB │ gzip:   0.57 kB
.svelte-kit/output/client/_app/immutable/nodes/293.60cd43e0.js                          1.04 kB │ gzip:   0.57 kB
.svelte-kit/output/client/_app/immutable/nodes/295.fba4a105.js                          1.04 kB │ gzip:   0.57 kB
.svelte-kit/output/client/_app/immutable/nodes/281.4771a58e.js                          1.04 kB │ gzip:   0.57 kB
.svelte-kit/output/client/_app/immutable/nodes/299.502b0592.js                          1.04 kB │ gzip:   0.57 kB
.svelte-kit/output/client/_app/immutable/nodes/176.ad1ba236.js                          1.05 kB │ gzip:   0.57 kB
.svelte-kit/output/client/_app/immutable/nodes/186.3fcb6fa8.js                          1.05 kB │ gzip:   0.58 kB
.svelte-kit/output/client/_app/immutable/nodes/155.79aeb527.js                          1.07 kB │ gzip:   0.58 kB
.svelte-kit/output/client/_app/immutable/nodes/169.5d8abfeb.js                          1.07 kB │ gzip:   0.56 kB
.svelte-kit/output/client/_app/immutable/nodes/286.6b030ce6.js                          1.07 kB │ gzip:   0.58 kB
.svelte-kit/output/client/_app/immutable/nodes/150.176c8250.js                          1.08 kB │ gzip:   0.58 kB
.svelte-kit/output/client/_app/immutable/nodes/275.5ba64755.js                          1.08 kB │ gzip:   0.58 kB
.svelte-kit/output/client/_app/immutable/nodes/158.9a59791c.js                          1.08 kB │ gzip:   0.58 kB
.svelte-kit/output/client/_app/immutable/nodes/249.9a59791c.js                          1.08 kB │ gzip:   0.58 kB
.svelte-kit/output/client/_app/immutable/nodes/284.1505b9ab.js                          1.08 kB │ gzip:   0.58 kB
.svelte-kit/output/client/_app/immutable/nodes/167.fa6b53fd.js                          1.08 kB │ gzip:   0.57 kB
.svelte-kit/output/client/_app/immutable/nodes/306.d742f86b.js                          1.08 kB │ gzip:   0.58 kB
.svelte-kit/output/client/_app/immutable/nodes/161.72d9cdc4.js                          1.09 kB │ gzip:   0.57 kB
.svelte-kit/output/client/_app/immutable/nodes/225.3fd157b5.js                          1.09 kB │ gzip:   0.57 kB
.svelte-kit/output/client/_app/immutable/chunks/Section.38b99c7d.js                     1.09 kB │ gzip:   0.67 kB
.svelte-kit/output/client/_app/immutable/nodes/227.cd1f07ce.js                          1.09 kB │ gzip:   0.58 kB
.svelte-kit/output/client/_app/immutable/nodes/206.8a88979f.js                          1.11 kB │ gzip:   0.60 kB
.svelte-kit/output/client/_app/immutable/nodes/219.583af91b.js                          1.11 kB │ gzip:   0.60 kB
.svelte-kit/output/client/_app/immutable/nodes/229.583af91b.js                          1.11 kB │ gzip:   0.60 kB
.svelte-kit/output/client/_app/immutable/nodes/204.5cb4dc42.js                          1.11 kB │ gzip:   0.60 kB
.svelte-kit/output/client/_app/immutable/nodes/190.3c10cc28.js                          1.11 kB │ gzip:   0.60 kB
.svelte-kit/output/client/_app/immutable/nodes/258.61cbb103.js                          1.12 kB │ gzip:   0.60 kB
.svelte-kit/output/client/_app/immutable/nodes/273.dd95eefe.js                          1.12 kB │ gzip:   0.59 kB
.svelte-kit/output/client/_app/immutable/nodes/302.dd95eefe.js                          1.12 kB │ gzip:   0.59 kB
.svelte-kit/output/client/_app/immutable/nodes/221.f463ff97.js                          1.12 kB │ gzip:   0.58 kB
.svelte-kit/output/client/_app/immutable/nodes/234.b033c2de.js                          1.12 kB │ gzip:   0.58 kB
.svelte-kit/output/client/_app/immutable/nodes/223.fe8b335b.js                          1.13 kB │ gzip:   0.58 kB
.svelte-kit/output/client/_app/immutable/nodes/236.0838a011.js                          1.13 kB │ gzip:   0.58 kB
.svelte-kit/output/client/_app/immutable/nodes/231.cf4f64e5.js                          1.13 kB │ gzip:   0.60 kB
.svelte-kit/output/client/_app/immutable/nodes/308.4e0854e2.js                          1.14 kB │ gzip:   0.60 kB
.svelte-kit/output/client/_app/immutable/chunks/Title-background.982dc2bd.js            1.15 kB │ gzip:   0.67 kB
.svelte-kit/output/client/_app/immutable/nodes/91.a15bf365.js                           1.16 kB │ gzip:   0.61 kB
.svelte-kit/output/client/_app/immutable/nodes/255.964b0481.js                          1.17 kB │ gzip:   0.62 kB
.svelte-kit/output/client/_app/immutable/nodes/163.40b67273.js                          1.18 kB │ gzip:   0.61 kB
.svelte-kit/output/client/_app/immutable/nodes/173.c6f0a3a3.js                          1.19 kB │ gzip:   0.60 kB
.svelte-kit/output/client/_app/immutable/nodes/264.bd242431.js                          1.22 kB │ gzip:   0.60 kB
.svelte-kit/output/client/_app/immutable/nodes/268.32d7fe84.js                          1.22 kB │ gzip:   0.60 kB
.svelte-kit/output/client/_app/immutable/nodes/266.8434a4c3.js                          1.22 kB │ gzip:   0.60 kB
.svelte-kit/output/client/_app/immutable/nodes/262.a699f5a3.js                          1.22 kB │ gzip:   0.60 kB
.svelte-kit/output/client/_app/immutable/nodes/270.6dc1d2ed.js                          1.22 kB │ gzip:   0.60 kB
.svelte-kit/output/client/_app/immutable/chunks/Toast.b2ab6afa.js                       1.23 kB │ gzip:   0.67 kB
.svelte-kit/output/client/_app/immutable/nodes/192.3142b495.js                          1.23 kB │ gzip:   0.66 kB
.svelte-kit/output/client/_app/immutable/nodes/196.e23a03cf.js                          1.24 kB │ gzip:   0.66 kB
.svelte-kit/output/client/_app/immutable/nodes/194.8323c193.js                          1.25 kB │ gzip:   0.66 kB
.svelte-kit/output/client/_app/immutable/nodes/165.04f98c00.js                          1.25 kB │ gzip:   0.62 kB
.svelte-kit/output/client/_app/immutable/nodes/198.a66ffbfa.js                          1.27 kB │ gzip:   0.66 kB
.svelte-kit/output/client/_app/immutable/chunks/InputPassword.255a33fa.js               1.29 kB │ gzip:   0.76 kB
.svelte-kit/output/client/_app/immutable/chunks/Toast.b5a70aff.js                       1.29 kB │ gzip:   0.72 kB
.svelte-kit/output/client/_app/immutable/chunks/PageHeader.0b11480d.js                  1.34 kB │ gzip:   0.76 kB
.svelte-kit/output/client/_app/immutable/chunks/InputTextArea.ca01a50e.js               1.38 kB │ gzip:   0.78 kB
.svelte-kit/output/client/_app/immutable/chunks/PageHeader-reverse.9270b5f0.js          1.38 kB │ gzip:   0.77 kB
.svelte-kit/output/client/_app/immutable/nodes/94.83bdfbf1.js                           1.42 kB │ gzip:   0.77 kB
.svelte-kit/output/client/_app/immutable/nodes/146.61febcfc.js                          1.44 kB │ gzip:   0.78 kB
.svelte-kit/output/client/_app/immutable/nodes/145.b50443f8.js                          1.44 kB │ gzip:   0.78 kB
.svelte-kit/output/client/_app/immutable/chunks/InputText.c5376aac.js                   1.46 kB │ gzip:   0.83 kB
.svelte-kit/output/client/_app/immutable/nodes/144.23c0da44.js                          1.47 kB │ gzip:   0.79 kB
.svelte-kit/output/client/_app/immutable/chunks/NotificationActionButton.5da37ef2.js    1.48 kB │ gzip:   0.79 kB
.svelte-kit/output/client/_app/immutable/chunks/InputNumber.bef37172.js                 1.49 kB │ gzip:   0.84 kB
.svelte-kit/output/client/_app/immutable/chunks/Loading.7e01c23d.js                     1.51 kB │ gzip:   0.81 kB
.svelte-kit/output/client/_app/immutable/nodes/136.61d8eec6.js                          1.64 kB │ gzip:   0.87 kB
.svelte-kit/output/client/_app/immutable/nodes/200.52d6b875.js                          1.66 kB │ gzip:   0.82 kB
.svelte-kit/output/client/_app/immutable/chunks/Tabs.4d444180.js                        1.69 kB │ gzip:   0.85 kB
.svelte-kit/output/client/_app/immutable/chunks/ChevronRight.aba51c6d.js                1.70 kB │ gzip:   0.95 kB
.svelte-kit/output/client/_app/immutable/chunks/ChevronDown.7fd5de89.js                 1.70 kB │ gzip:   0.95 kB
.svelte-kit/output/client/_app/immutable/nodes/95.9b73d349.js                           1.72 kB │ gzip:   0.90 kB
.svelte-kit/output/client/_app/immutable/chunks/Close.69356508.js                       1.75 kB │ gzip:   0.96 kB
.svelte-kit/output/client/_app/immutable/chunks/InputToggle.011fce18.js                 1.77 kB │ gzip:   1.00 kB
.svelte-kit/output/client/_app/immutable/nodes/311.53e31c50.js                          1.82 kB │ gzip:   0.82 kB
.svelte-kit/output/client/_app/immutable/nodes/104.8fb2752b.js                          1.87 kB │ gzip:   1.00 kB
.svelte-kit/output/client/_app/immutable/nodes/114.9b77fafd.js                          1.87 kB │ gzip:   1.00 kB
.svelte-kit/output/client/_app/immutable/nodes/118.9b77fafd.js                          1.87 kB │ gzip:   1.00 kB
.svelte-kit/output/client/_app/immutable/nodes/116.9b77fafd.js                          1.87 kB │ gzip:   1.00 kB
.svelte-kit/output/client/_app/immutable/nodes/120.9b77fafd.js                          1.87 kB │ gzip:   1.00 kB
.svelte-kit/output/client/_app/immutable/nodes/123.9b77fafd.js                          1.87 kB │ gzip:   1.00 kB
.svelte-kit/output/client/_app/immutable/nodes/126.9b77fafd.js                          1.87 kB │ gzip:   1.00 kB
.svelte-kit/output/client/_app/immutable/chunks/EditOff.cee6f16f.js                     1.93 kB │ gzip:   1.08 kB
.svelte-kit/output/client/_app/immutable/chunks/OverflowMenuHorizontal.f7decfb9.js      1.93 kB │ gzip:   0.99 kB
.svelte-kit/output/client/_app/immutable/nodes/272.f6906908.js                          1.93 kB │ gzip:   0.88 kB
.svelte-kit/output/client/_app/immutable/chunks/FormSection.9da2877b.js                 1.95 kB │ gzip:   0.97 kB
.svelte-kit/output/client/_app/immutable/chunks/CheckmarkFilled.27cb7fbe.js             1.98 kB │ gzip:   1.08 kB
.svelte-kit/output/client/_app/immutable/nodes/127.ac63f0a1.js                          2.02 kB │ gzip:   0.86 kB
.svelte-kit/output/client/_app/immutable/nodes/260.4a102d13.js                          2.08 kB │ gzip:   0.86 kB
.svelte-kit/output/client/_app/immutable/nodes/100.cf9b92bc.js                          2.10 kB │ gzip:   1.01 kB
.svelte-kit/output/client/_app/immutable/nodes/257.dccf302f.js                          2.20 kB │ gzip:   0.93 kB
.svelte-kit/output/client/_app/immutable/chunks/rangePlugin.0a0117f2.js                 2.20 kB │ gzip:   0.95 kB
.svelte-kit/output/client/_app/immutable/nodes/224.c2ef647c.js                          2.23 kB │ gzip:   1.09 kB
.svelte-kit/output/client/_app/immutable/nodes/237.c2ef647c.js                          2.23 kB │ gzip:   1.09 kB
.svelte-kit/output/client/_app/immutable/chunks/InputDateRange.e41266bb.js              2.26 kB │ gzip:   1.07 kB
.svelte-kit/output/client/_app/immutable/nodes/152.3d2a9e27.js                          2.27 kB │ gzip:   0.99 kB
.svelte-kit/output/client/_app/immutable/nodes/157.6cd21288.js                          2.27 kB │ gzip:   0.98 kB
.svelte-kit/output/client/_app/immutable/nodes/279.4df41a92.js                          2.27 kB │ gzip:   0.99 kB
.svelte-kit/output/client/_app/immutable/nodes/228.04f72e46.js                          2.32 kB │ gzip:   1.12 kB
.svelte-kit/output/client/_app/immutable/chunks/singletons.8ff45bca.js                  2.40 kB │ gzip:   1.25 kB
.svelte-kit/output/client/_app/immutable/nodes/292.a0738e11.js                          2.42 kB │ gzip:   1.03 kB
.svelte-kit/output/client/_app/immutable/nodes/209.954e9bf0.js                          2.70 kB │ gzip:   0.81 kB
.svelte-kit/output/client/_app/immutable/nodes/214.c945cc0b.js                          2.75 kB │ gzip:   0.82 kB
.svelte-kit/output/client/_app/immutable/nodes/0.b6b3c8c0.js                            2.91 kB │ gzip:   1.35 kB
.svelte-kit/output/client/_app/immutable/chunks/InputDateRange2.4ef0d683.js             2.94 kB │ gzip:   1.29 kB
.svelte-kit/output/client/_app/immutable/chunks/InputSelect.377b54e2.js                 3.08 kB │ gzip:   1.52 kB
.svelte-kit/output/client/_app/immutable/chunks/CaretLeft.61e7dc3f.js                   3.17 kB │ gzip:   1.00 kB
.svelte-kit/output/client/_app/immutable/nodes/211.4c4388cf.js                          3.21 kB │ gzip:   1.42 kB
.svelte-kit/output/client/_app/immutable/nodes/216.4c4388cf.js                          3.21 kB │ gzip:   1.42 kB
.svelte-kit/output/client/_app/immutable/nodes/251.cb09b15c.js                          3.33 kB │ gzip:   1.41 kB
.svelte-kit/output/client/_app/immutable/chunks/InputImage.263b16b2.js                  3.35 kB │ gzip:   1.79 kB
.svelte-kit/output/client/_app/immutable/chunks/PageTitle.a55d4741.js                   3.37 kB │ gzip:   1.63 kB
.svelte-kit/output/client/_app/immutable/nodes/133.6ffe10b4.js                          3.38 kB │ gzip:   1.53 kB
.svelte-kit/output/client/_app/immutable/nodes/222.8dd5a302.js                          3.60 kB │ gzip:   1.67 kB
.svelte-kit/output/client/_app/immutable/nodes/235.8dd5a302.js                          3.60 kB │ gzip:   1.67 kB
.svelte-kit/output/client/_app/immutable/chunks/RadioButtonGroup.12979284.js            3.62 kB │ gzip:   1.69 kB
.svelte-kit/output/client/_app/immutable/chunks/customParseFormat.c50a0b39.js           3.65 kB │ gzip:   1.84 kB
.svelte-kit/output/client/_app/immutable/chunks/RadioButton.778e36ae.js                 3.70 kB │ gzip:   1.82 kB
.svelte-kit/output/client/_app/immutable/chunks/InputManyRelation.4177aa6d.js           3.70 kB │ gzip:   1.67 kB
.svelte-kit/output/client/_app/immutable/nodes/305.ab36fc4e.js                          3.76 kB │ gzip:   1.39 kB
.svelte-kit/output/client/_app/immutable/nodes/304.b68ff243.js                          3.76 kB │ gzip:   1.39 kB
.svelte-kit/output/client/_app/immutable/nodes/226.9ebb1f75.js                          3.79 kB │ gzip:   1.74 kB
.svelte-kit/output/client/_app/immutable/chunks/InputFile.c04a51e0.js                   3.93 kB │ gzip:   1.87 kB
.svelte-kit/output/client/_app/immutable/nodes/248.e0dce770.js                          4.06 kB │ gzip:   1.37 kB
.svelte-kit/output/client/_app/immutable/chunks/WarningAltFilled.ba0eacc5.js            4.19 kB │ gzip:   1.55 kB
.svelte-kit/output/client/_app/immutable/chunks/PageHeader.5f0c9055.js                  4.21 kB │ gzip:   1.98 kB
.svelte-kit/output/client/_app/immutable/chunks/InputImage.9e5b8d09.js                  4.21 kB │ gzip:   1.96 kB
.svelte-kit/output/client/_app/immutable/nodes/137.f42743c0.js                          4.28 kB │ gzip:   1.82 kB
.svelte-kit/output/client/_app/immutable/chunks/CopyButton.eb586c77.js                  4.33 kB │ gzip:   1.99 kB
.svelte-kit/output/client/_app/immutable/chunks/Loading.1800d8d9.js                     4.56 kB │ gzip:   1.75 kB
.svelte-kit/output/client/_app/immutable/chunks/Toggle.e6d744b9.js                      4.74 kB │ gzip:   2.06 kB
.svelte-kit/output/client/_app/immutable/nodes/316.65ac4a38.js                          4.99 kB │ gzip:   2.34 kB
.svelte-kit/output/client/_app/immutable/chunks/FeeAdjustments.d66cf5cf.js              5.11 kB │ gzip:   2.10 kB
.svelte-kit/output/client/_app/immutable/nodes/290.45efdd57.js                          5.13 kB │ gzip:   1.58 kB
.svelte-kit/output/client/_app/immutable/chunks/ToolbarSearch.d9cd0a38.js               5.27 kB │ gzip:   2.33 kB
.svelte-kit/output/client/_app/immutable/nodes/282.644216b7.js                          5.28 kB │ gzip:   1.69 kB
.svelte-kit/output/client/_app/immutable/chunks/Trip.cc787542.js                        5.34 kB │ gzip:   2.36 kB
.svelte-kit/output/client/_app/immutable/nodes/250.757f420c.js                          5.44 kB │ gzip:   1.67 kB
.svelte-kit/output/client/_app/immutable/nodes/110.9ac3e00c.js                          5.60 kB │ gzip:   2.04 kB
.svelte-kit/output/client/_app/immutable/nodes/154.aeec5424.js                          5.70 kB │ gzip:   1.61 kB
.svelte-kit/output/client/_app/immutable/nodes/285.5af8e632.js                          5.79 kB │ gzip:   1.76 kB
.svelte-kit/output/client/_app/immutable/nodes/303.da97843d.js                          5.79 kB │ gzip:   1.85 kB
.svelte-kit/output/client/_app/immutable/nodes/128.f626929f.js                          5.81 kB │ gzip:   2.30 kB
.svelte-kit/output/client/_app/immutable/chunks/InlineNotification.ae0a3b3f.js          5.85 kB │ gzip:   2.29 kB
.svelte-kit/output/client/_app/immutable/nodes/300.c01512b4.js                          6.06 kB │ gzip:   1.71 kB
.svelte-kit/output/client/_app/immutable/chunks/ToastNotification.826643ec.js           6.13 kB │ gzip:   2.40 kB
.svelte-kit/output/client/_app/immutable/nodes/277.90bf895e.js                          6.15 kB │ gzip:   1.67 kB
.svelte-kit/output/client/_app/immutable/chunks/Checkbox.9ac522d5.js                    6.17 kB │ gzip:   2.59 kB
.svelte-kit/output/client/_app/immutable/nodes/159.8b316e4c.js                          6.18 kB │ gzip:   2.03 kB
.svelte-kit/output/client/_app/immutable/nodes/254.44783d8d.js                          6.25 kB │ gzip:   2.10 kB
.svelte-kit/output/client/_app/immutable/nodes/210.e4d8179a.js                          6.27 kB │ gzip:   2.47 kB
.svelte-kit/output/client/_app/immutable/nodes/215.e4d8179a.js                          6.27 kB │ gzip:   2.47 kB
.svelte-kit/output/client/_app/immutable/nodes/253.58ef11db.js                          6.31 kB │ gzip:   2.11 kB
.svelte-kit/output/client/_app/immutable/nodes/99.0f5ceaf9.js                           6.32 kB │ gzip:   2.22 kB
.svelte-kit/output/client/_app/immutable/nodes/252.fe9a69c9.js                          6.60 kB │ gzip:   2.16 kB
.svelte-kit/output/client/_app/immutable/nodes/97.8fccf7e0.js                           6.63 kB │ gzip:   2.32 kB
.svelte-kit/output/client/_app/immutable/chunks/forms.bf03c870.js                       6.77 kB │ gzip:   1.22 kB
.svelte-kit/output/client/_app/immutable/nodes/141.b85fbed5.js                          6.79 kB │ gzip:   2.36 kB
.svelte-kit/output/client/_app/immutable/nodes/246.9e47b5a4.js                          6.82 kB │ gzip:   2.74 kB
.svelte-kit/output/client/_app/immutable/nodes/241.6c70a73c.js                          6.94 kB │ gzip:   2.61 kB
.svelte-kit/output/client/_app/immutable/nodes/171.665d6d6f.js                          7.01 kB │ gzip:   1.77 kB
.svelte-kit/output/client/_app/immutable/nodes/130.77276c6a.js                          7.01 kB │ gzip:   2.44 kB
.svelte-kit/output/client/_app/immutable/nodes/109.b728d2da.js                          7.01 kB │ gzip:   2.44 kB
.svelte-kit/output/client/_app/immutable/nodes/183.23339806.js                          7.04 kB │ gzip:   1.77 kB
.svelte-kit/output/client/_app/immutable/nodes/107.ff9284d2.js                          7.05 kB │ gzip:   2.44 kB
.svelte-kit/output/client/_app/immutable/chunks/forms_tour.d6155932.js                  7.05 kB │ gzip:   1.26 kB
.svelte-kit/output/client/_app/immutable/nodes/187.c1d1208e.js                          7.05 kB │ gzip:   1.78 kB
.svelte-kit/output/client/_app/immutable/nodes/177.678c5a6d.js                          7.05 kB │ gzip:   1.78 kB
.svelte-kit/output/client/_app/immutable/chunks/Table.02ea8986.js                       7.20 kB │ gzip:   2.79 kB
.svelte-kit/output/client/_app/immutable/chunks/TextArea.ca718743.js                    7.23 kB │ gzip:   2.98 kB
.svelte-kit/output/client/_app/immutable/chunks/dayjs.min.beac74b1.js                   7.25 kB │ gzip:   3.26 kB
.svelte-kit/output/client/_app/immutable/nodes/98.eced320a.js                           7.25 kB │ gzip:   2.55 kB
.svelte-kit/output/client/_app/immutable/nodes/140.8a998e61.js                          7.27 kB │ gzip:   2.55 kB
.svelte-kit/output/client/_app/immutable/nodes/108.af0339cd.js                          7.27 kB │ gzip:   2.54 kB
.svelte-kit/output/client/_app/immutable/nodes/129.33835dfd.js                          7.27 kB │ gzip:   2.55 kB
.svelte-kit/output/client/_app/immutable/nodes/96.507bbc0c.js                           7.36 kB │ gzip:   2.55 kB
.svelte-kit/output/client/_app/immutable/nodes/106.6d357a57.js                          7.38 kB │ gzip:   2.56 kB
.svelte-kit/output/client/_app/immutable/nodes/179.0978bd11.js                          7.81 kB │ gzip:   1.99 kB
.svelte-kit/output/client/_app/immutable/nodes/294.2cea9918.js                          7.90 kB │ gzip:   2.22 kB
.svelte-kit/output/client/_app/immutable/chunks/Form.71058442.js                        7.97 kB │ gzip:   2.46 kB
.svelte-kit/output/client/_app/immutable/chunks/FormClient.d7a76c5d.js                  8.07 kB │ gzip:   2.52 kB
.svelte-kit/output/client/_app/immutable/nodes/301.a283f5f5.js                          8.11 kB │ gzip:   3.34 kB
.svelte-kit/output/client/_app/immutable/nodes/147.7af173ef.js                          8.11 kB │ gzip:   2.78 kB
.svelte-kit/output/client/_app/immutable/nodes/314.c217f160.js                          8.11 kB │ gzip:   3.21 kB
.svelte-kit/output/client/_app/immutable/nodes/151.d8aecefe.js                          8.20 kB │ gzip:   2.11 kB
.svelte-kit/output/client/_app/immutable/nodes/143.baf14da1.js                          8.22 kB │ gzip:   1.83 kB
.svelte-kit/output/client/_app/immutable/nodes/181.65c99de5.js                          8.37 kB │ gzip:   2.26 kB
.svelte-kit/output/client/_app/immutable/nodes/185.e5dc9645.js                          8.37 kB │ gzip:   2.26 kB
.svelte-kit/output/client/_app/immutable/nodes/175.8001be3b.js                          8.38 kB │ gzip:   2.26 kB
.svelte-kit/output/client/_app/immutable/nodes/274.b8be470a.js                          8.50 kB │ gzip:   2.46 kB
.svelte-kit/output/client/_app/immutable/chunks/quote.1ec1e9bc.js                       8.55 kB │ gzip:   2.68 kB
.svelte-kit/output/client/_app/immutable/chunks/InputGallery.832d016a.js                8.55 kB │ gzip:   3.46 kB
.svelte-kit/output/client/_app/immutable/nodes/256.33149cfa.js                          8.82 kB │ gzip:   2.78 kB
.svelte-kit/output/client/_app/immutable/nodes/93.ee6eb6a0.js                           8.85 kB │ gzip:   3.10 kB
.svelte-kit/output/client/_app/immutable/chunks/TabContent.c3cc11e2.js                  9.02 kB │ gzip:   3.78 kB
.svelte-kit/output/client/_app/immutable/chunks/VehicleFeatures.d81510d0.js             9.04 kB │ gzip:   3.29 kB
.svelte-kit/output/client/_app/immutable/chunks/NotificationIcon.d0e5d7f9.js            9.42 kB │ gzip:   2.60 kB
.svelte-kit/output/client/_app/immutable/nodes/156.9e8f939a.js                          9.62 kB │ gzip:   2.30 kB
.svelte-kit/output/client/_app/immutable/nodes/280.34d7aee2.js                          9.66 kB │ gzip:   3.56 kB
.svelte-kit/output/client/_app/immutable/chunks/Button.4869f83e.js                      9.80 kB │ gzip:   3.36 kB
.svelte-kit/output/client/_app/immutable/nodes/278.5cd0ce86.js                         10.02 kB │ gzip:   3.67 kB
.svelte-kit/output/client/_app/immutable/nodes/105.3855a6b3.js                         10.19 kB │ gzip:   3.48 kB
.svelte-kit/output/client/_app/immutable/nodes/276.e0320501.js                         10.43 kB │ gzip:   2.95 kB
.svelte-kit/output/client/_app/immutable/chunks/Search.9ff32a1e.js                     10.46 kB │ gzip:   4.13 kB
.svelte-kit/output/client/_app/immutable/chunks/SectionDataTable.861b0387.js           10.81 kB │ gzip:   3.49 kB
.svelte-kit/output/client/_app/immutable/nodes/288.4925a7ca.js                         11.19 kB │ gzip:   4.02 kB
.svelte-kit/output/client/_app/immutable/nodes/287.b095f4c8.js                         11.93 kB │ gzip:   3.16 kB
.svelte-kit/output/client/_app/immutable/nodes/310.585dfdef.js                         12.31 kB │ gzip:   4.37 kB
.svelte-kit/output/client/_app/immutable/chunks/Tag.723ff436.js                        12.40 kB │ gzip:   3.40 kB
.svelte-kit/output/client/_app/immutable/chunks/BreadcrumbItem.b705423d.js             12.67 kB │ gzip:   3.90 kB
.svelte-kit/output/client/_app/immutable/chunks/SearchResults.1f5048f3.js              12.71 kB │ gzip:   4.64 kB
.svelte-kit/output/client/_app/immutable/nodes/191.89a08fa3.js                         12.88 kB │ gzip:   4.07 kB
.svelte-kit/output/client/_app/immutable/nodes/205.89a08fa3.js                         12.88 kB │ gzip:   4.07 kB
.svelte-kit/output/client/_app/immutable/nodes/149.a361467f.js                         12.89 kB │ gzip:   3.27 kB
.svelte-kit/output/client/_app/immutable/chunks/AccordionItem.c9acbe5a.js              13.16 kB │ gzip:   4.55 kB
.svelte-kit/output/client/_app/immutable/chunks/v4.c53e2e68.js                         13.29 kB │ gzip:   5.11 kB
.svelte-kit/output/client/_app/immutable/chunks/TextInput.ccc22f7d.js                  13.50 kB │ gzip:   4.12 kB
.svelte-kit/output/client/_app/immutable/nodes/283.b35992a3.js                         13.54 kB │ gzip:   4.63 kB
.svelte-kit/output/client/_app/immutable/chunks/SelectItem.8bec88b6.js                 13.61 kB │ gzip:   4.66 kB
.svelte-kit/output/client/_app/immutable/chunks/SearchForm.affde5cc.js                 13.95 kB │ gzip:   3.78 kB
.svelte-kit/output/client/_app/immutable/chunks/OverflowMenuItem.fe7c9be8.js           14.06 kB │ gzip:   5.13 kB
.svelte-kit/output/client/_app/immutable/nodes/259.f7749c1b.js                         14.12 kB │ gzip:   4.74 kB
.svelte-kit/output/client/_app/immutable/chunks/Modal.91c05201.js                      14.39 kB │ gzip:   5.26 kB
.svelte-kit/output/client/_app/immutable/chunks/InputJsonSeasonalRates.3d3abe53.js     14.66 kB │ gzip:   4.83 kB
.svelte-kit/output/client/_app/immutable/nodes/297.eb1deb38.js                         14.66 kB │ gzip:   4.65 kB
.svelte-kit/output/client/_app/immutable/chunks/NumberInput.12fe69dc.js                14.85 kB │ gzip:   5.04 kB
.svelte-kit/output/client/_app/immutable/nodes/102.cf90549c.js                         15.26 kB │ gzip:   5.16 kB
.svelte-kit/output/client/_app/immutable/chunks/index.5e543284.js                      15.34 kB │ gzip:   6.24 kB
.svelte-kit/output/client/_app/immutable/nodes/296.d66a6a9e.js                         15.47 kB │ gzip:   4.80 kB
.svelte-kit/output/client/_app/immutable/nodes/131.3cb7593b.js                         15.92 kB │ gzip:   4.32 kB
.svelte-kit/output/client/_app/immutable/nodes/197.8b545094.js                         15.98 kB │ gzip:   5.04 kB
.svelte-kit/output/client/_app/immutable/nodes/195.4ab939bd.js                         15.98 kB │ gzip:   5.04 kB
.svelte-kit/output/client/_app/immutable/nodes/309.6c103b56.js                         16.42 kB │ gzip:   4.35 kB
.svelte-kit/output/client/_app/immutable/chunks/provisional.3d2a3534.js                16.58 kB │ gzip:   3.51 kB
.svelte-kit/output/client/_app/immutable/chunks/Search.4c4bf88b.js                     16.77 kB │ gzip:   4.73 kB
.svelte-kit/output/client/_app/immutable/chunks/final.1ebb322a.js                      16.80 kB │ gzip:   3.58 kB
.svelte-kit/output/client/_app/immutable/chunks/calculator.8c19334f.js                 17.11 kB │ gzip:   4.77 kB
.svelte-kit/output/client/_app/immutable/nodes/193.a4089727.js                         17.55 kB │ gzip:   5.46 kB
.svelte-kit/output/client/_app/immutable/chunks/Summary.0c387e5d.js                    17.93 kB │ gzip:   5.35 kB
.svelte-kit/output/client/_app/immutable/chunks/Filter.7e86e7ad.js                     18.06 kB │ gzip:   6.57 kB
.svelte-kit/output/client/_app/immutable/nodes/199.af51e8e3.js                         18.18 kB │ gzip:   5.74 kB
.svelte-kit/output/client/_app/immutable/nodes/203.0b51db32.js                         18.30 kB │ gzip:   5.20 kB
.svelte-kit/output/client/_app/immutable/nodes/238.6edcb7db.js                         18.36 kB │ gzip:   5.78 kB
.svelte-kit/output/client/_app/immutable/chunks/PasswordInput.4e15f961.js              19.39 kB │ gzip:   6.00 kB
.svelte-kit/output/client/_app/immutable/nodes/132.753164c5.js                         19.42 kB │ gzip:   6.02 kB
.svelte-kit/output/client/_app/immutable/nodes/307.dd33fc63.js                         19.48 kB │ gzip:   4.56 kB
.svelte-kit/output/client/_app/immutable/nodes/313.0943f78c.js                         19.50 kB │ gzip:   4.63 kB
.svelte-kit/output/client/_app/immutable/nodes/148.a70329b6.js                         20.81 kB │ gzip:   5.91 kB
.svelte-kit/output/client/_app/immutable/chunks/purify.es.f47f2ec0.js                  21.63 kB │ gzip:   8.58 kB
.svelte-kit/output/client/_app/immutable/nodes/220.fe2a799c.js                         23.33 kB │ gzip:   7.01 kB
.svelte-kit/output/client/_app/immutable/nodes/230.d16eae86.js                         23.34 kB │ gzip:   7.02 kB
.svelte-kit/output/client/_app/immutable/chunks/InputRichText.615ea8f5.js              23.37 kB │ gzip:   7.18 kB
.svelte-kit/output/client/_app/immutable/chunks/html.343aec68.js                       24.69 kB │ gzip:   6.06 kB
.svelte-kit/output/client/_app/immutable/entry/start.10fcefb5.js                       25.35 kB │ gzip:  10.00 kB
.svelte-kit/output/client/_app/immutable/nodes/2.48fe38d1.js                           25.51 kB │ gzip:   8.28 kB
.svelte-kit/output/client/_app/immutable/nodes/208.4e9b7a0d.js                         26.43 kB │ gzip:   8.57 kB
.svelte-kit/output/client/_app/immutable/nodes/117.3743367c.js                         27.06 kB │ gzip:   7.90 kB
.svelte-kit/output/client/_app/immutable/nodes/119.3743367c.js                         27.06 kB │ gzip:   7.90 kB
.svelte-kit/output/client/_app/immutable/nodes/232.694a0195.js                         27.61 kB │ gzip:   7.87 kB
.svelte-kit/output/client/_app/immutable/chunks/Results.69dcd837.js                    27.62 kB │ gzip:   8.93 kB
.svelte-kit/output/client/_app/immutable/chunks/splide.esm.2d75c89e.js                 31.27 kB │ gzip:  13.83 kB
.svelte-kit/output/client/_app/immutable/nodes/134.db8d0d9d.js                         32.26 kB │ gzip:   9.13 kB
.svelte-kit/output/client/_app/immutable/chunks/MultiSelect.fe5791c8.js                34.16 kB │ gzip:  10.90 kB
.svelte-kit/output/client/_app/immutable/chunks/Status.43fbe207.js                     35.97 kB │ gzip:  10.10 kB
.svelte-kit/output/client/_app/immutable/nodes/124.2507096a.js                         37.70 kB │ gzip:   9.37 kB
.svelte-kit/output/client/_app/immutable/chunks/quotation.0378e52a.js                  38.43 kB │ gzip:   7.18 kB
.svelte-kit/output/client/_app/immutable/nodes/115.0dbc0797.js                         39.88 kB │ gzip:  10.88 kB
.svelte-kit/output/client/_app/immutable/nodes/113.a7508504.js                         39.90 kB │ gzip:  10.88 kB
.svelte-kit/output/client/_app/immutable/nodes/217.fb29c5d2.js                         40.35 kB │ gzip:  11.61 kB
.svelte-kit/output/client/_app/immutable/chunks/FeeSpecials.b68b7faa.js                41.94 kB │ gzip:  12.38 kB
.svelte-kit/output/client/_app/immutable/nodes/207.893830b1.js                         44.71 kB │ gzip:  13.10 kB
.svelte-kit/output/client/_app/immutable/nodes/125.ac95d37f.js                         48.92 kB │ gzip:  13.23 kB
.svelte-kit/output/client/_app/immutable/nodes/212.20aad09a.js                         49.28 kB │ gzip:  14.68 kB
.svelte-kit/output/client/_app/immutable/nodes/121.d1bcf250.js                         50.91 kB │ gzip:  12.25 kB
.svelte-kit/output/client/_app/immutable/chunks/Pagination.893cb5fd.js                 54.65 kB │ gzip:  14.97 kB
.svelte-kit/output/client/_app/immutable/nodes/201.40082c1c.js                         55.70 kB │ gzip:  15.85 kB
.svelte-kit/output/client/_app/immutable/nodes/101.090c5547.js                         59.95 kB │ gzip:  17.78 kB
.svelte-kit/output/client/_app/immutable/chunks/Addons.b2a02287.js                     62.31 kB │ gzip:  17.43 kB
.svelte-kit/output/client/_app/immutable/chunks/DatePickerInput.4802659f.js            65.73 kB │ gzip:  20.66 kB
.svelte-kit/output/client/_app/immutable/chunks/Form.8e80c0a0.js                       68.03 kB │ gzip:  15.67 kB
.svelte-kit/output/client/_app/immutable/nodes/92.1b64721f.js                          68.62 kB │ gzip:  16.91 kB
.svelte-kit/output/client/_app/immutable/chunks/index.9a13dde1.js                      69.86 kB │ gzip:  26.12 kB
.svelte-kit/output/client/_app/immutable/nodes/3.b2b0089b.js                           70.33 kB │ gzip:  17.00 kB
.svelte-kit/output/client/_app/immutable/nodes/122.8a468aaa.js                         73.37 kB │ gzip:  17.96 kB
.svelte-kit/output/client/_app/immutable/chunks/provisional.f4efc58b.js               102.19 kB │ gzip:  13.54 kB
.svelte-kit/output/client/_app/immutable/chunks/Form.90af66da.js                      132.63 kB │ gzip:  28.31 kB
.svelte-kit/output/client/_app/immutable/chunks/index.es.f9aeba27.js                  150.42 kB │ gzip:  51.49 kB
.svelte-kit/output/client/_app/immutable/chunks/html2canvas.esm.e0a7d97b.js           201.43 kB │ gzip:  48.04 kB
.svelte-kit/output/client/_app/immutable/chunks/supabaseClient.b89202d2.js            210.57 kB │ gzip:  56.57 kB
.svelte-kit/output/client/_app/immutable/entry/app.ca185a92.js                        218.22 kB │ gzip:  13.07 kB
.svelte-kit/output/client/_app/immutable/chunks/index.e59eabde.js                     330.29 kB │ gzip: 104.75 kB
.svelte-kit/output/client/_app/immutable/chunks/jspdf.es.min.80505595.js              355.90 kB │ gzip: 117.13 kB
✓ built in 27.23s
.svelte-kit/output/server/.vite/manifest.json                                                                177.64 kB
.svelte-kit/output/server/_app/immutable/assets/honeypot.016491f8.css                                          0.10 kB
.svelte-kit/output/server/_app/immutable/assets/splide.d636ed1b.css                                            4.94 kB
.svelte-kit/output/server/_app/immutable/assets/_layout.d5aeaed4.css                                         615.16 kB
.svelte-kit/output/server/entries/pages/admin/_layout.js                                                       0.06 kB
.svelte-kit/output/server/entries/pages/(public)/files/_page.server.js                                         0.06 kB
.svelte-kit/output/server/entries/pages/(public)/terms/_page.server.js                                         0.06 kB
.svelte-kit/output/server/chunks/thlClient.js                                                                  0.10 kB
.svelte-kit/output/server/chunks/public.js                                                                     0.14 kB
.svelte-kit/output/server/entries/pages/admin/_page.server.js                                                  0.19 kB
.svelte-kit/output/server/entries/pages/admin/sales/_page.svelte.js                                            0.20 kB
.svelte-kit/output/server/chunks/shared-server.js                                                              0.21 kB
.svelte-kit/output/server/chunks/supabaseClient.js                                                             0.22 kB
.svelte-kit/output/server/entries/pages/(public)/booking/process/_page.svelte.js                               0.22 kB
.svelte-kit/output/server/entries/pages/(public)/search/redirect/_page.svelte.js                               0.22 kB
.svelte-kit/output/server/entries/pages/admin/sales/calculator/redirect/_page.svelte.js                        0.23 kB
.svelte-kit/output/server/entries/pages/admin/sales/calculatorbak/redirect/_page.svelte.js                     0.23 kB
.svelte-kit/output/server/entries/pages/admin/sales/(v2)/search/redirect/_page.svelte.js                       0.23 kB
.svelte-kit/output/server/entries/pages/admin/_layout.server.js                                                0.24 kB
.svelte-kit/output/server/internal.js                                                                          0.24 kB
.svelte-kit/output/server/entries/pages/admin/logout/_page.svelte.js                                           0.25 kB
.svelte-kit/output/server/chunks/format.js                                                                     0.25 kB
.svelte-kit/output/server/entries/pages/(public)/blog/_slug_/_page.server.js                                   0.25 kB
.svelte-kit/output/server/entries/pages/(public)/destinations/_slug_/_page.server.js                           0.25 kB
.svelte-kit/output/server/entries/pages/(public)/events/_slug_/_page.server.js                                 0.25 kB
.svelte-kit/output/server/entries/pages/(public)/routes/_slug_/_page.server.js                                 0.25 kB
.svelte-kit/output/server/entries/pages/(public)/specials/_slug_/_page.server.js                               0.25 kB
.svelte-kit/output/server/entries/pages/(public)/search/testsearch/_page.server.js                             0.25 kB
.svelte-kit/output/server/entries/pages/(public)/_slug_/_page.server.js                                        0.27 kB
.svelte-kit/output/server/entries/pages/admin/vehicles/terms/_page.server.js                                   0.27 kB
.svelte-kit/output/server/entries/pages/(public)/vehicles/_slug_/_page.server.js                               0.27 kB
.svelte-kit/output/server/entries/pages/(public)/attractions/_slug_/_page.server.js                            0.27 kB
.svelte-kit/output/server/entries/pages/(public)/search/redirect/_page.server.js                               0.28 kB
.svelte-kit/output/server/entries/pages/admin/vehicles/specials/_page.server.js                                0.29 kB
.svelte-kit/output/server/entries/pages/admin/users/_layout.svelte.js                                          0.29 kB
.svelte-kit/output/server/entries/pages/admin/sales/(v2)/search/redirect/_page.server.js                       0.31 kB
.svelte-kit/output/server/chunks/tabs3.js                                                                      0.31 kB
.svelte-kit/output/server/entries/pages/admin/sales/calculator/redirect/_page.server.js                        0.31 kB
.svelte-kit/output/server/chunks/tabs6.js                                                                      0.31 kB
.svelte-kit/output/server/chunks/tabs8.js                                                                      0.31 kB
.svelte-kit/output/server/chunks/tabs9.js                                                                      0.31 kB
.svelte-kit/output/server/chunks/tabs2.js                                                                      0.32 kB
.svelte-kit/output/server/chunks/tabs7.js                                                                      0.32 kB
.svelte-kit/output/server/entries/pages/embed/testembed/_page.svelte.js                                        0.32 kB
.svelte-kit/output/server/entries/pages/(public)/files/_page.svelte.js                                         0.32 kB
.svelte-kit/output/server/entries/pages/(public)/soap/_page.svelte.js                                          0.32 kB
.svelte-kit/output/server/entries/pages/(public)/terms/_page.svelte.js                                         0.32 kB
.svelte-kit/output/server/entries/pages/(public)/soap/avail/_page.svelte.js                                    0.32 kB
.svelte-kit/output/server/chunks/tabs4.js                                                                      0.33 kB
.svelte-kit/output/server/entries/pages/(public)/files/_slug_/_page.svelte.js                                  0.33 kB
.svelte-kit/output/server/entries/pages/(public)/sitemap/_page.server.js                                       0.34 kB
.svelte-kit/output/server/entries/pages/admin/sales/calculatorbak/redirect/_page.server.js                     0.34 kB
.svelte-kit/output/server/entries/pages/(public)/_layout.server.js                                             0.34 kB
.svelte-kit/output/server/entries/pages/embed/_layout.server.js                                                0.35 kB
.svelte-kit/output/server/entries/pages/admin/vehicles/depots/_page.server.js                                  0.35 kB
.svelte-kit/output/server/entries/pages/admin/vehicles/categories/_page.server.js                              0.35 kB
.svelte-kit/output/server/entries/pages/admin/vehicles/flex/test/_page.svelte.js                               0.36 kB
.svelte-kit/output/server/chunks/private.js                                                                    0.36 kB
.svelte-kit/output/server/entries/pages/admin/contents/(travel)/events_states/_page.server.js                  0.37 kB
.svelte-kit/output/server/entries/pages/admin/contents/(travel)/routes_states/_page.server.js                  0.37 kB
.svelte-kit/output/server/entries/pages/admin/vehicles/flex/_page.server.js                                    0.37 kB
.svelte-kit/output/server/entries/pages/admin/contents/(blog)/categories/_page.server.js                       0.37 kB
.svelte-kit/output/server/chunks/splide.esm.js                                                                 0.37 kB
.svelte-kit/output/server/entries/pages/admin/contents/(travel)/attractions_states/_page.server.js             0.37 kB
.svelte-kit/output/server/entries/pages/admin/vehicles/routes/_page.server.js                                  0.37 kB
.svelte-kit/output/server/entries/pages/admin/vehicles/fees/_page.server.js                                    0.37 kB
.svelte-kit/output/server/entries/pages/admin/vehicles/addons/_page.server.js                                  0.37 kB
.svelte-kit/output/server/chunks/tabs10.js                                                                     0.37 kB
.svelte-kit/output/server/entries/pages/admin/vehicles/bonds/_page.server.js                                   0.38 kB
.svelte-kit/output/server/entries/pages/admin/contents/(pages)/_page.server.js                                 0.38 kB
.svelte-kit/output/server/entries/pages/admin/templates/(email)/_page.server.js                                0.38 kB
.svelte-kit/output/server/entries/pages/admin/vehicles/(vehicles)/_page.server.js                              0.38 kB
.svelte-kit/output/server/entries/pages/admin/contents/(blog)/articles/_page.server.js                         0.39 kB
.svelte-kit/output/server/entries/pages/admin/vehicles/blockouts/_page.server.js                               0.39 kB
.svelte-kit/output/server/entries/pages/admin/contents/(pages)/attachments/_page.server.js                     0.39 kB
.svelte-kit/output/server/entries/pages/admin/templates/(email)/attachments/_page.server.js                    0.39 kB
.svelte-kit/output/server/entries/pages/logoutall/_page.svelte.js                                              0.39 kB
.svelte-kit/output/server/entries/pages/admin/users/_page.server.js                                            0.39 kB
.svelte-kit/output/server/entries/pages/admin/vehicles/suppliers/_page.server.js                               0.40 kB
.svelte-kit/output/server/entries/pages/admin/sales/final/_page.server.js                                      0.41 kB
.svelte-kit/output/server/entries/pages/admin/sales/(v2)/trash/_page.server.js                                 0.41 kB
.svelte-kit/output/server/entries/pages/admin/sales/(v2)/archives/_page.server.js                              0.41 kB
.svelte-kit/output/server/entries/pages/admin/sales/provisional/_page.server.js                                0.41 kB
.svelte-kit/output/server/entries/pages/admin/sales/(v2)/ft/_page.server.js                                    0.42 kB
.svelte-kit/output/server/entries/pages/admin/sales/(v2)/book/_page.server.js                                  0.42 kB
.svelte-kit/output/server/chunks/file.js                                                                       0.42 kB
.svelte-kit/output/server/entries/pages/admin/users/subscribers/_page.server.js                                0.43 kB
.svelte-kit/output/server/entries/pages/admin/sales/booking/_page.server.js                                    0.43 kB
.svelte-kit/output/server/entries/pages/admin/sales/(v2)/pt/_page.server.js                                    0.43 kB
.svelte-kit/output/server/entries/pages/admin/sales/quotation/_page.server.js                                  0.44 kB
.svelte-kit/output/server/entries/fallbacks/error.svelte.js                                                    0.47 kB
.svelte-kit/output/server/entries/pages/admin/contents/(pages)/_error.svelte.js                                0.48 kB
.svelte-kit/output/server/entries/pages/admin/sales/calculator/_error.svelte.js                                0.48 kB
.svelte-kit/output/server/entries/pages/admin/sales/calculatorbak/_error.svelte.js                             0.48 kB
.svelte-kit/output/server/entries/pages/admin/templates/(email)/_error.svelte.js                               0.48 kB
.svelte-kit/output/server/entries/pages/admin/users/admin/_error.svelte.js                                     0.48 kB
.svelte-kit/output/server/entries/pages/admin/users/subscribers/_error.svelte.js                               0.48 kB
.svelte-kit/output/server/entries/pages/admin/vehicles/(vehicles)/_error.svelte.js                             0.48 kB
.svelte-kit/output/server/entries/pages/admin/vehicles/addons/_error.svelte.js                                 0.48 kB
.svelte-kit/output/server/entries/pages/admin/vehicles/blockouts/_error.svelte.js                              0.48 kB
.svelte-kit/output/server/entries/pages/admin/vehicles/bonds/_error.svelte.js                                  0.48 kB
.svelte-kit/output/server/entries/pages/admin/vehicles/categories/_error.svelte.js                             0.48 kB
.svelte-kit/output/server/entries/pages/admin/vehicles/depots/_error.svelte.js                                 0.48 kB
.svelte-kit/output/server/entries/pages/admin/vehicles/fees/_error.svelte.js                                   0.48 kB
.svelte-kit/output/server/entries/pages/admin/vehicles/flex/_error.svelte.js                                   0.48 kB
.svelte-kit/output/server/entries/pages/admin/vehicles/routes/_error.svelte.js                                 0.48 kB
.svelte-kit/output/server/entries/pages/admin/vehicles/seasonal/_error.svelte.js                               0.48 kB
.svelte-kit/output/server/entries/pages/admin/vehicles/specials/_error.svelte.js                               0.48 kB
.svelte-kit/output/server/entries/pages/admin/vehicles/suppliers/_error.svelte.js                              0.48 kB
.svelte-kit/output/server/entries/pages/admin/vehicles/terms/_error.svelte.js                                  0.48 kB
.svelte-kit/output/server/entries/pages/admin/contents/(blog)/articles/_error.svelte.js                        0.49 kB
.svelte-kit/output/server/entries/pages/admin/contents/(blog)/categories/_error.svelte.js                      0.49 kB
.svelte-kit/output/server/entries/pages/admin/contents/(pages)/attachments/_error.svelte.js                    0.49 kB
.svelte-kit/output/server/entries/pages/admin/contents/(travel)/attractions_states/_error.svelte.js            0.49 kB
.svelte-kit/output/server/entries/pages/admin/contents/(travel)/events_states/_error.svelte.js                 0.49 kB
.svelte-kit/output/server/entries/pages/admin/contents/(travel)/routes_states/_error.svelte.js                 0.49 kB
.svelte-kit/output/server/entries/pages/admin/sales/(v2)/archives/_error.svelte.js                             0.49 kB
.svelte-kit/output/server/entries/pages/admin/sales/(v2)/book/_error.svelte.js                                 0.49 kB
.svelte-kit/output/server/entries/pages/admin/sales/(v2)/ft/_error.svelte.js                                   0.49 kB
.svelte-kit/output/server/entries/pages/admin/sales/(v2)/pt/_error.svelte.js                                   0.49 kB
.svelte-kit/output/server/entries/pages/admin/sales/(v2)/quotes/_error.svelte.js                               0.49 kB
.svelte-kit/output/server/entries/pages/admin/sales/(v2)/trash/_error.svelte.js                                0.49 kB
.svelte-kit/output/server/entries/pages/admin/sales/booking/_id_/_error.svelte.js                              0.49 kB
.svelte-kit/output/server/entries/pages/admin/sales/booking/bak/_error.svelte.js                               0.49 kB
.svelte-kit/output/server/entries/pages/admin/sales/calculator/detail/_error.svelte.js                         0.49 kB
.svelte-kit/output/server/entries/pages/admin/sales/calculatorbak/detail/_error.svelte.js                      0.49 kB
.svelte-kit/output/server/entries/pages/admin/sales/final/_id_/_error.svelte.js                                0.49 kB
.svelte-kit/output/server/entries/pages/admin/sales/provisional/_id_/_error.svelte.js                          0.49 kB
.svelte-kit/output/server/entries/pages/admin/sales/quotation/_id_/_error.svelte.js                            0.49 kB
.svelte-kit/output/server/entries/pages/admin/templates/(email)/attachments/_error.svelte.js                   0.49 kB
.svelte-kit/output/server/entries/pages/admin/vehicles/(rates)/seasonal2/_error.svelte.js                      0.49 kB
.svelte-kit/output/server/entries/pages/admin/vehicles/specials/_id_/_error.svelte.js                          0.49 kB
.svelte-kit/output/server/entries/pages/admin/vehicles/terms/_id_/_error.svelte.js                             0.49 kB
.svelte-kit/output/server/chunks/tabs5.js                                                                      0.49 kB
.svelte-kit/output/server/entries/pages/admin/sales/(v2)/archives/_id_/_error.svelte.js                        0.49 kB
.svelte-kit/output/server/entries/pages/admin/sales/(v2)/book/_id_/_error.svelte.js                            0.49 kB
.svelte-kit/output/server/entries/pages/admin/sales/(v2)/ft/_id_/_error.svelte.js                              0.49 kB
.svelte-kit/output/server/entries/pages/admin/sales/(v2)/pt/_id_/_error.svelte.js                              0.49 kB
.svelte-kit/output/server/entries/pages/admin/sales/(v2)/quotes/_id_/_error.svelte.js                          0.49 kB
.svelte-kit/output/server/entries/pages/admin/sales/(v2)/trash/_id_/_error.svelte.js                           0.49 kB
.svelte-kit/output/server/entries/pages/admin/vehicles/seasonal/_id_/rates/_error.svelte.js                    0.49 kB
.svelte-kit/output/server/entries/pages/admin/vehicles/suppliers/_id_/emails/_error.svelte.js                  0.49 kB
.svelte-kit/output/server/entries/pages/(public)/search/confirm/_page.server.js                                0.49 kB
.svelte-kit/output/server/entries/pages/admin/sales/(v2)/quotes/_page.server.js                                0.50 kB
.svelte-kit/output/server/chunks/Confirmation3.js                                                              0.50 kB
.svelte-kit/output/server/chunks/Section.js                                                                    0.51 kB
.svelte-kit/output/server/entries/pages/admin/templates/(email)/_id_/_error.svelte.js                          0.51 kB
.svelte-kit/output/server/entries/pages/admin/users/_id_/(general)/_error.svelte.js                            0.51 kB
.svelte-kit/output/server/entries/pages/admin/users/_id_/password/_error.svelte.js                             0.51 kB
.svelte-kit/output/server/entries/pages/admin/vehicles/blockouts/_id_/_error.svelte.js                         0.51 kB
.svelte-kit/output/server/entries/pages/admin/vehicles/categories/_id_/_error.svelte.js                        0.51 kB
.svelte-kit/output/server/entries/pages/admin/vehicles/depots/_id_/_error.svelte.js                            0.51 kB
.svelte-kit/output/server/entries/pages/admin/vehicles/fees/_id_/_error.svelte.js                              0.51 kB
.svelte-kit/output/server/entries/pages/admin/vehicles/flex/_id_/_error.svelte.js                              0.51 kB
.svelte-kit/output/server/entries/pages/(public)/api/newsletter/_page.server.js                                0.51 kB
.svelte-kit/output/server/entries/pages/admin/contents/(blog)/categories/_id_/_error.svelte.js                 0.52 kB
.svelte-kit/output/server/entries/pages/admin/contents/(pages)/_id_/(general)/_error.svelte.js                 0.52 kB
.svelte-kit/output/server/entries/pages/admin/contents/(pages)/_id_/gallery/_error.svelte.js                   0.52 kB
.svelte-kit/output/server/entries/pages/admin/contents/(travel)/attractions_states/_id_/_error.svelte.js       0.52 kB
.svelte-kit/output/server/entries/pages/admin/contents/(travel)/events_states/_id_/_error.svelte.js            0.52 kB
.svelte-kit/output/server/entries/pages/admin/contents/(travel)/routes_states/_id_/_error.svelte.js            0.52 kB
.svelte-kit/output/server/entries/pages/admin/users/admin/_id_/(general)/_error.svelte.js                      0.52 kB
.svelte-kit/output/server/entries/pages/admin/users/admin/_id_/password/_error.svelte.js                       0.52 kB
.svelte-kit/output/server/entries/pages/admin/users/subscribers/_id_/(general)/_error.svelte.js                0.52 kB
.svelte-kit/output/server/entries/pages/admin/vehicles/(vehicles)/_id_/(general)/_error.svelte.js              0.52 kB
.svelte-kit/output/server/entries/pages/admin/vehicles/(vehicles)/_id_/contents/_error.svelte.js               0.52 kB
.svelte-kit/output/server/entries/pages/admin/vehicles/(vehicles)/_id_/faqs/_error.svelte.js                   0.52 kB
.svelte-kit/output/server/entries/pages/admin/vehicles/(vehicles)/_id_/gallery/_error.svelte.js                0.52 kB
.svelte-kit/output/server/entries/pages/admin/vehicles/(vehicles)/_id_/specifications/_error.svelte.js         0.52 kB
.svelte-kit/output/server/entries/pages/admin/vehicles/addons/_id_/(general)/_error.svelte.js                  0.52 kB
.svelte-kit/output/server/entries/pages/admin/vehicles/addons/_id_/addons/_error.svelte.js                     0.52 kB
.svelte-kit/output/server/entries/pages/admin/vehicles/bonds/_id_/(general)/_error.svelte.js                   0.52 kB
.svelte-kit/output/server/entries/pages/admin/vehicles/bonds/_id_/compulsory/_error.svelte.js                  0.52 kB
.svelte-kit/output/server/entries/pages/admin/vehicles/flex/_id_/v2/_error.svelte.js                           0.52 kB
.svelte-kit/output/server/entries/pages/admin/vehicles/routes/_id_/(general)/_error.svelte.js                  0.52 kB
.svelte-kit/output/server/entries/pages/admin/vehicles/routes/_id_/routes/_error.svelte.js                     0.52 kB
.svelte-kit/output/server/entries/pages/admin/vehicles/seasonal/_id_/(general)/_error.svelte.js                0.52 kB
.svelte-kit/output/server/entries/pages/admin/vehicles/suppliers/_id_/(general)/_error.svelte.js               0.52 kB
.svelte-kit/output/server/entries/pages/admin/vehicles/suppliers/_id_/depots/_error.svelte.js                  0.52 kB
.svelte-kit/output/server/entries/pages/admin/contents/(blog)/articles/_id_/(general)/_error.svelte.js         0.52 kB
.svelte-kit/output/server/entries/pages/admin/contents/(blog)/articles/_id_/gallery/_error.svelte.js           0.52 kB
.svelte-kit/output/server/entries/pages/admin/contents/(pages)/attachments/_id_/(general)/_error.svelte.js     0.52 kB
.svelte-kit/output/server/entries/pages/admin/templates/(email)/attachments/_id_/(general)/_error.svelte.js    0.52 kB
.svelte-kit/output/server/entries/pages/(public)/files/_slug_/_page.server.js                                  0.53 kB
.svelte-kit/output/server/entries/pages/admin/vehicles/seasonal/_page.server.js                                0.56 kB
.svelte-kit/output/server/chunks/InputHidden.js                                                                0.56 kB
.svelte-kit/output/server/entries/pages/admin/vehicles/(rates)/seasonal2/_page.server.js                       0.56 kB
.svelte-kit/output/server/chunks/PageHeader.js                                                                 0.59 kB
.svelte-kit/output/server/chunks/Title.js                                                                      0.62 kB
.svelte-kit/output/server/entries/pages/admin/users/admin/_page.server.js                                      0.62 kB
.svelte-kit/output/server/entries/pages/admin/settings/sitemap/_page.server.js                                 0.63 kB
.svelte-kit/output/server/entries/pages/(public)/api/email/_page.svelte.js                                     0.63 kB
.svelte-kit/output/server/entries/pages/admin/sales/testemail/_page@.svelte.js                                 0.63 kB
.svelte-kit/output/server/chunks/honeypot.js                                                                   0.63 kB
.svelte-kit/output/server/chunks/PageHeader-reverse.js                                                         0.64 kB
.svelte-kit/output/server/chunks/stores.js                                                                     0.66 kB
.svelte-kit/output/server/entries/pages/(public)/terms/_id_/summary/_page.svelte.js                            0.70 kB
.svelte-kit/output/server/entries/pages/(public)/terms/_id_/counter/_page.svelte.js                            0.70 kB
.svelte-kit/output/server/entries/pages/login/_page.server.js                                                  0.71 kB
.svelte-kit/output/server/entries/pages/(public)/faqs/_page.server.js                                          0.72 kB
.svelte-kit/output/server/entries/pages/(public)/terms/_id_/confirmation/_page.svelte.js                       0.72 kB
.svelte-kit/output/server/entries/pages/(public)/_page.server.js                                               0.72 kB
.svelte-kit/output/server/entries/pages/_layout.server.js                                                      0.78 kB
.svelte-kit/output/server/entries/pages/(public)/terms/_id_/_page.server.js                                    0.79 kB
.svelte-kit/output/server/entries/pages/admin/contents/(sections)/contacts/_page.svelte.js                     0.83 kB
.svelte-kit/output/server/chunks/Toast2.js                                                                     0.85 kB
.svelte-kit/output/server/entries/pages/admin/vehicles/depots/_page.svelte.js                                  0.85 kB
.svelte-kit/output/server/entries/pages/admin/vehicles/categories/_page.svelte.js                              0.86 kB
.svelte-kit/output/server/entries/pages/admin/settings/ages/_page.svelte.js                                    0.86 kB
.svelte-kit/output/server/entries/pages/admin/settings/licenses/_page.svelte.js                                0.87 kB
.svelte-kit/output/server/chunks/Tabs.js                                                                       0.87 kB
.svelte-kit/output/server/entries/pages/admin/settings/countries/_page.svelte.js                               0.87 kB
.svelte-kit/output/server/entries/pages/admin/templates/quotation/_page.server.js                              0.87 kB
.svelte-kit/output/server/entries/pages/admin/templates/letterhead/_page.server.js                             0.87 kB
.svelte-kit/output/server/entries/pages/admin/templates/ticket/_page.server.js                                 0.87 kB
.svelte-kit/output/server/chunks/FormSection.js                                                                0.88 kB
.svelte-kit/output/server/entries/pages/(public)/events/_page.server.js                                        0.88 kB
.svelte-kit/output/server/entries/pages/(public)/routes/_page.server.js                                        0.88 kB
.svelte-kit/output/server/entries/pages/(public)/blog/_page.server.js                                          0.89 kB
.svelte-kit/output/server/entries/pages/admin/sales/calculator/book/_page.server.js                            0.89 kB
.svelte-kit/output/server/entries/pages/admin/sales/calculatorbak/book/_page.server.js                         0.89 kB
.svelte-kit/output/server/entries/pages/(public)/specials/_page.server.js                                      0.89 kB
.svelte-kit/output/server/entries/pages/admin/templates/provisional/_page.server.js                            0.89 kB
.svelte-kit/output/server/chunks/Title-background.js                                                           0.89 kB
.svelte-kit/output/server/entries/pages/admin/sales/(v2)/search/_page.server.js                                0.90 kB
.svelte-kit/output/server/entries/pages/(public)/attractions/_page.server.js                                   0.90 kB
.svelte-kit/output/server/entries/pages/admin/sales/(v2)/search/v2/_page.server.js                             0.91 kB
.svelte-kit/output/server/entries/pages/(public)/destinations/_page.server.js                                  0.91 kB
.svelte-kit/output/server/entries/pages/admin/vehicles/terms/_page.svelte.js                                   0.92 kB
.svelte-kit/output/server/entries/pages/admin/contents/(sections)/faqs/_page.svelte.js                         0.92 kB
.svelte-kit/output/server/chunks/Loading.js                                                                    0.92 kB
.svelte-kit/output/server/entries/pages/admin/contents/(sections)/banners/_page.svelte.js                      0.92 kB
.svelte-kit/output/server/entries/pages/admin/contents/(sections)/features/_page.svelte.js                     0.93 kB
.svelte-kit/output/server/entries/pages/admin/contents/(sections)/specials/_page.svelte.js                     0.93 kB
.svelte-kit/output/server/entries/pages/admin/contents/(sections)/testimonials/_page.svelte.js                 0.93 kB
.svelte-kit/output/server/entries/pages/admin/contents/(travel)/destinations/_page.svelte.js                   0.93 kB
.svelte-kit/output/server/entries/pages/admin/users/subscribers/_page.svelte.js                                0.93 kB
.svelte-kit/output/server/entries/pages/admin/contents/(blog)/categories/_page.svelte.js                       0.94 kB
.svelte-kit/output/server/entries/pages/admin/contents/(sections)/announcements/_page.svelte.js                0.94 kB
.svelte-kit/output/server/entries/pages/admin/vehicles/fees/_page.svelte.js                                    0.94 kB
.svelte-kit/output/server/entries/pages/admin/vehicles/addons/_page.svelte.js                                  0.94 kB
.svelte-kit/output/server/entries/pages/admin/vehicles/routes/_page.svelte.js                                  0.94 kB
.svelte-kit/output/server/entries/pages/(public)/booking/success/_page.svelte.js                               0.96 kB
.svelte-kit/output/server/entries/pages/admin/vehicles/flex/_page.svelte.js                                    0.96 kB
.svelte-kit/output/server/entries/pages/(public)/form/tour/booking/success/_page.svelte.js                     0.97 kB
.svelte-kit/output/server/entries/pages/(public)/form/tour/quote/success/_page.svelte.js                       0.97 kB
.svelte-kit/output/server/entries/pages/(public)/form/vehicle/booking/success/_page.svelte.js                  0.97 kB
.svelte-kit/output/server/entries/pages/(public)/form/vehicle/quote/success/_page.svelte.js                    0.97 kB
.svelte-kit/output/server/entries/pages/admin/templates/(email)/_page.svelte.js                                0.97 kB
.svelte-kit/output/server/entries/pages/admin/vehicles/depots/_id_/_page.server.js                             0.97 kB
.svelte-kit/output/server/entries/pages/(public)/form/tour/goholi/booking/success/_page.svelte.js              0.97 kB
.svelte-kit/output/server/entries/pages/(public)/form/tour/goholi/quote/success/_page.svelte.js                0.97 kB
.svelte-kit/output/server/entries/pages/embed/_layout.svelte.js                                                0.97 kB
.svelte-kit/output/server/entries/pages/admin/vehicles/addons/_id_/addons/_page.server.js                      0.97 kB
.svelte-kit/output/server/entries/pages/(public)/api/newsletter/_page.svelte.js                                0.98 kB
.svelte-kit/output/server/entries/pages/(public)/booking/detail/_page.server.js                                0.98 kB
.svelte-kit/output/server/entries/pages/admin/vehicles/suppliers/_id_/emails/_page.server.js                   0.98 kB
.svelte-kit/output/server/entries/pages/admin/contents/(travel)/events_states/_page.svelte.js                  0.98 kB
.svelte-kit/output/server/entries/pages/admin/users/_id_/password/_page.server.js                              0.98 kB
.svelte-kit/output/server/entries/pages/admin/vehicles/(vehicles)/_id_/faqs/_page.server.js                    0.98 kB
.svelte-kit/output/server/entries/pages/admin/contents/(travel)/attractions_states/_page.svelte.js             0.98 kB
.svelte-kit/output/server/entries/pages/admin/contents/(pages)/_id_/gallery/_page.server.js                    0.98 kB
.svelte-kit/output/server/entries/pages/admin/users/admin/_id_/password/_page.server.js                        0.98 kB
.svelte-kit/output/server/entries/pages/admin/vehicles/(vehicles)/_id_/gallery/_page.server.js                 0.98 kB
.svelte-kit/output/server/entries/pages/admin/contents/(travel)/routes_states/_page.svelte.js                  0.98 kB
.svelte-kit/output/server/entries/pages/admin/contents/(blog)/articles/_id_/gallery/_page.server.js            0.99 kB
.svelte-kit/output/server/entries/pages/admin/vehicles/blockouts/_page.svelte.js                               0.99 kB
.svelte-kit/output/server/entries/pages/admin/vehicles/bonds/_id_/compulsory/_page.server.js                   0.99 kB
.svelte-kit/output/server/entries/pages/admin/sales/testemail/_page.server.js                                  0.99 kB
.svelte-kit/output/server/entries/pages/admin/vehicles/(vehicles)/_id_/specifications/_page.server.js          0.99 kB
.svelte-kit/output/server/entries/pages/admin/users/bak/admin/_page.svelte.js                                  1.00 kB
.svelte-kit/output/server/entries/pages/admin/contents/(pages)/_page.svelte.js                                 1.00 kB
.svelte-kit/output/server/entries/pages/admin/vehicles/bonds/_page.svelte.js                                   1.01 kB
.svelte-kit/output/server/entries/pages/admin/users/bak/(members)bak/_page.svelte.js                           1.01 kB
.svelte-kit/output/server/entries/pages/admin/users/bak/enquiry/_page.svelte.js                                1.01 kB
.svelte-kit/output/server/entries/pages/admin/vehicles/(vehicles)/_page.svelte.js                              1.01 kB
.svelte-kit/output/server/entries/pages/admin/users/bak/suppliers/_page.svelte.js                              1.01 kB
.svelte-kit/output/server/entries/pages/admin/users/bak/affiliates/_page.svelte.js                             1.01 kB
.svelte-kit/output/server/entries/pages/admin/contents/(blog)/articles/_page.svelte.js                         1.02 kB
.svelte-kit/output/server/entries/pages/admin/vehicles/specials/_page.svelte.js                                1.02 kB
.svelte-kit/output/server/entries/pages/admin/contents/(pages)/attachments/_page.svelte.js                     1.02 kB
.svelte-kit/output/server/entries/pages/admin/templates/(email)/attachments/_page.svelte.js                    1.02 kB
.svelte-kit/output/server/entries/pages/(public)/search/_page.server.js                                        1.02 kB
.svelte-kit/output/server/entries/pages/admin/contents/(travel)/events/_page.svelte.js                         1.03 kB
.svelte-kit/output/server/entries/pages/admin/users/admin/_page.svelte.js                                      1.03 kB
.svelte-kit/output/server/entries/pages/admin/contents/(travel)/routes/_page.svelte.js                         1.04 kB
.svelte-kit/output/server/entries/pages/admin/contents/(travel)/attractions/_page.svelte.js                    1.04 kB
.svelte-kit/output/server/entries/pages/admin/sales/(v2)/trash/_page.svelte.js                                 1.04 kB
.svelte-kit/output/server/entries/pages/admin/vehicles/categories/_id_/_page.server.js                         1.04 kB
.svelte-kit/output/server/entries/pages/admin/sales/(v2)/archives/_page.svelte.js                              1.04 kB
.svelte-kit/output/server/entries/pages/admin/sales/quotation/_page.svelte.js                                  1.05 kB
.svelte-kit/output/server/entries/pages/admin/sales/final/_page.svelte.js                                      1.05 kB
.svelte-kit/output/server/entries/pages/admin/sales/provisional/_page.svelte.js                                1.05 kB
.svelte-kit/output/server/entries/pages/admin/contents/(blog)/categories/_id_/_page.server.js                  1.06 kB
.svelte-kit/output/server/entries/pages/admin/users/subscribers/_id_/(general)/_page.server.js                 1.06 kB
.svelte-kit/output/server/entries/pages/admin/settings/ages/_id_/_page.svelte.js                               1.06 kB
.svelte-kit/output/server/entries/pages/admin/vehicles/seasonal/_page.svelte.js                                1.06 kB
.svelte-kit/output/server/entries/pages/admin/settings/licenses/_id_/_page.svelte.js                           1.07 kB
.svelte-kit/output/server/entries/pages/admin/settings/countries/_id_/_page.svelte.js                          1.07 kB
.svelte-kit/output/server/entries/pages/admin/vehicles/suppliers/_page.svelte.js                               1.07 kB
.svelte-kit/output/server/entries/pages/(public)/category/_type_/_slug_/_page.server.js                        1.07 kB
.svelte-kit/output/server/entries/pages/admin/vehicles/(rates)/seasonal2/_page.svelte.js                       1.07 kB
.svelte-kit/output/server/chunks/Toast.js                                                                      1.07 kB
.svelte-kit/output/server/entries/pages/admin/vehicles/suppliers/_id_/depots/_page.server.js                   1.07 kB
.svelte-kit/output/server/entries/pages/admin/sales/booking/_page.svelte.js                                    1.08 kB
.svelte-kit/output/server/entries/pages/admin/vehicles/(vehicles)/_id_/contents/_page.server.js                1.08 kB
.svelte-kit/output/server/entries/pages/(public)/terms/_id_/counter/_page.server.js                            1.08 kB
.svelte-kit/output/server/entries/pages/(public)/terms/_id_/summary/_page.server.js                            1.08 kB
.svelte-kit/output/server/entries/pages/admin/contents/(travel)/attractions_states/_id_/_page.server.js        1.08 kB
.svelte-kit/output/server/entries/pages/admin/contents/(travel)/events_states/_id_/_page.server.js             1.08 kB
.svelte-kit/output/server/entries/pages/admin/contents/(travel)/routes_states/_id_/_page.server.js             1.08 kB
.svelte-kit/output/server/entries/pages/admin/contents/(sections)/specials/_id_/_page.server.js                1.08 kB
.svelte-kit/output/server/entries/pages/admin/contents/(travel)/destinations/_id_/_page.server.js              1.08 kB
.svelte-kit/output/server/entries/pages/admin/vehicles/suppliers/_id_/(general)/_page.server.js                1.09 kB
.svelte-kit/output/server/entries/pages/(public)/terms/_id_/confirmation/_page.server.js                       1.09 kB
.svelte-kit/output/server/entries/pages/admin/users/_page.svelte.js                                            1.09 kB
.svelte-kit/output/server/entries/pages/admin/sales/manual_bookings/_page.svelte.js                            1.12 kB
.svelte-kit/output/server/entries/pages/admin/sales/manual_quotations/_page.svelte.js                          1.12 kB
.svelte-kit/output/server/entries/pages/admin/vehicles/routes/_id_/routes/_page.server.js                      1.13 kB
.svelte-kit/output/server/chunks/hooks.server.js                                                               1.13 kB
.svelte-kit/output/server/entries/pages/admin/templates/(email)/attachments/_id_/(general)/_page.server.js     1.16 kB
.svelte-kit/output/server/entries/pages/admin/sales/(v2)/search/detail/_page.server.js                         1.16 kB
.svelte-kit/output/server/entries/pages/admin/contents/(pages)/attachments/_id_/(general)/_page.server.js      1.17 kB
.svelte-kit/output/server/entries/pages/admin/sales/goholi_bookings/_page.svelte.js                            1.21 kB
.svelte-kit/output/server/entries/pages/admin/sales/tour_bookings/_page.svelte.js                              1.21 kB
.svelte-kit/output/server/entries/pages/admin/sales/goholi_quotations/_page.svelte.js                          1.21 kB
.svelte-kit/output/server/entries/pages/admin/sales/tour_quotations/_page.svelte.js                            1.21 kB
.svelte-kit/output/server/entries/pages/admin/templates/(email)/_id_/_page.server.js                           1.21 kB
.svelte-kit/output/server/entries/pages/admin/users/admin/_id_/(general)/_page.server.js                       1.22 kB
.svelte-kit/output/server/entries/pages/admin/contents/(blog)/articles/_id_/(general)/_page.server.js          1.22 kB
.svelte-kit/output/server/entries/pages/admin/contents/(pages)/_id_/(general)/_page.server.js                  1.24 kB
.svelte-kit/output/server/entries/pages/admin/sales/(v2)/ft/_page.svelte.js                                    1.25 kB
.svelte-kit/output/server/entries/pages/admin/sales/(v2)/book/_page.svelte.js                                  1.26 kB
.svelte-kit/output/server/entries/pages/admin/sales/(v2)/quotes/_page.svelte.js                                1.28 kB
.svelte-kit/output/server/entries/pages/admin/contents/(travel)/events/_id_/_page.server.js                    1.30 kB
.svelte-kit/output/server/entries/pages/admin/contents/(travel)/routes/_id_/_page.server.js                    1.30 kB
.svelte-kit/output/server/entries/pages/admin/sales/(v2)/pt/_page.svelte.js                                    1.31 kB
.svelte-kit/output/server/entries/pages/admin/contents/(travel)/attractions/_id_/_page.server.js               1.31 kB
.svelte-kit/output/server/entries/pages/admin/vehicles/suppliers/_id_/emails/_page.svelte.js                   1.31 kB
.svelte-kit/output/server/entries/pages/(public)/search/confirm/_page@(public).svelte.js                       1.34 kB
.svelte-kit/output/server/entries/pages/(public)/vehicles/_page.server.js                                      1.36 kB
.svelte-kit/output/server/entries/pages/admin/vehicles/seasonal/_id_/(general)/_page.server.js                 1.37 kB
.svelte-kit/output/server/entries/pages/(public)/api/email/_page.server.js                                     1.38 kB
.svelte-kit/output/server/entries/pages/admin/contents/(sections)/features/_id_/_page.svelte.js                1.38 kB
.svelte-kit/output/server/entries/pages/admin/contents/(sections)/announcements/_id_/_page.svelte.js           1.39 kB
.svelte-kit/output/server/entries/pages/(public)/search/detail/_page.server.js                                 1.40 kB
.svelte-kit/output/server/entries/pages/admin/contents/(sections)/faqs/_id_/_page.svelte.js                    1.41 kB
.svelte-kit/output/server/chunks/ChevronDown.js                                                                1.41 kB
.svelte-kit/output/server/chunks/InputPassword.js                                                              1.42 kB
.svelte-kit/output/server/chunks/ChevronRight.js                                                               1.42 kB
.svelte-kit/output/server/entries/pages/(public)/search/testsearch/_page.svelte.js                             1.42 kB
.svelte-kit/output/server/entries/pages/(public)/booking/_page.svelte.js                                       1.43 kB
.svelte-kit/output/server/chunks/InputRichText.js                                                              1.44 kB
.svelte-kit/output/server/chunks/Close.js                                                                      1.44 kB
.svelte-kit/output/server/entries/pages/admin/sales/calculator/confirm/_page.svelte.js                         1.47 kB
.svelte-kit/output/server/entries/pages/admin/sales/calculatorbak/confirm/_page.svelte.js                      1.47 kB
.svelte-kit/output/server/entries/pages/admin/vehicles/terms/_id_/_page.server.js                              1.50 kB
.svelte-kit/output/server/chunks/theme.js                                                                      1.51 kB
.svelte-kit/output/server/chunks/OverflowMenuHorizontal.js                                                     1.51 kB
.svelte-kit/output/server/entries/pages/admin/users/_id_/(general)/_page.server.js                             1.54 kB
.svelte-kit/output/server/chunks/InputTextArea.js                                                              1.60 kB
.svelte-kit/output/server/entries/pages/admin/vehicles/routes/_id_/(general)/_page.server.js                   1.61 kB
.svelte-kit/output/server/chunks/InputImage2.js                                                                1.61 kB
.svelte-kit/output/server/entries/pages/admin/vehicles/addons/_id_/(general)/_page.server.js                   1.62 kB
.svelte-kit/output/server/chunks/CheckmarkFilled.js                                                            1.62 kB
.svelte-kit/output/server/entries/pages/admin/vehicles/(vehicles)/_id_/(general)/_page.server.js               1.63 kB
.svelte-kit/output/server/chunks/EditOff.js                                                                    1.63 kB
.svelte-kit/output/server/entries/pages/admin/contents/(sections)/banners/_id_/_page.svelte.js                 1.63 kB
.svelte-kit/output/server/entries/pages/admin/contents/(sections)/contacts/_id_/_page.svelte.js                1.64 kB
.svelte-kit/output/server/entries/pages/admin/contents/(sections)/testimonials/_id_/_page.svelte.js            1.65 kB
.svelte-kit/output/server/entries/pages/admin/users/subscribers/_id_/(general)/_page.svelte.js                 1.65 kB
.svelte-kit/output/server/entries/pages/admin/sales/(v2)/search/_page.svelte.js                                1.66 kB
.svelte-kit/output/server/entries/pages/admin/users/bak/admin/_id_/_page.svelte.js                             1.67 kB
.svelte-kit/output/server/entries/pages/admin/users/bak/affiliates/_id_/_page.svelte.js                        1.67 kB
.svelte-kit/output/server/entries/pages/admin/users/bak/enquiry/_id_/_page.svelte.js                           1.67 kB
.svelte-kit/output/server/entries/pages/admin/users/bak/(members)bak/_id_/_page.svelte.js                      1.67 kB
.svelte-kit/output/server/entries/pages/admin/users/bak/suppliers/_id_/_page.svelte.js                         1.67 kB
.svelte-kit/output/server/entries/pages/admin/users/admin/_id_/password/_page.svelte.js                        1.71 kB
.svelte-kit/output/server/entries/pages/admin/vehicles/(rates)/seasonal2/_id_/_page.server.js                  1.73 kB
.svelte-kit/output/server/chunks/InputText.js                                                                  1.74 kB
.svelte-kit/output/server/chunks/InputNumber.js                                                                1.80 kB
.svelte-kit/output/server/entries/pages/admin/vehicles/bonds/_id_/(general)/_page.server.js                    1.81 kB
.svelte-kit/output/server/entries/pages/_layout.svelte.js                                                      1.83 kB
.svelte-kit/output/server/entries/pages/(public)/rate/_page.svelte.js                                          1.86 kB
.svelte-kit/output/server/entries/pages/admin/contents/(pages)/_id_/gallery/_page.svelte.js                    1.87 kB
.svelte-kit/output/server/entries/pages/admin/vehicles/(vehicles)/_id_/gallery/_page.svelte.js                 1.88 kB
.svelte-kit/output/server/entries/pages/admin/vehicles/blockouts/_id_/_page.server.js                          1.89 kB
.svelte-kit/output/server/entries/pages/admin/contents/(blog)/articles/_id_/gallery/_page.svelte.js            1.89 kB
.svelte-kit/output/server/chunks/PageTitle.js                                                                  1.91 kB
.svelte-kit/output/server/entries/pages/admin/users/_id_/password/_page.svelte.js                              1.92 kB
.svelte-kit/output/server/chunks/InputToggle.js                                                                1.96 kB
.svelte-kit/output/server/entries/pages/admin/vehicles/fees/_id_/_page.server.js                               2.06 kB
.svelte-kit/output/server/chunks/Search2.js                                                                    2.15 kB
.svelte-kit/output/server/entries/pages/admin/vehicles/depots/_id_/_page.svelte.js                             2.17 kB
.svelte-kit/output/server/entries/pages/admin/sales/calculatorbak/detail/_page.server.js                       2.17 kB
.svelte-kit/output/server/entries/pages/admin/sales/calculator/_page.svelte.js                                 2.18 kB
.svelte-kit/output/server/entries/pages/admin/vehicles/specials/_id_/_page.server.js                           2.20 kB
.svelte-kit/output/server/entries/pages/admin/sales/calculatorbak/_page.svelte.js                              2.22 kB
.svelte-kit/output/server/entries/pages/admin/sales/calculator/_page.server.js                                 2.24 kB
.svelte-kit/output/server/chunks/InputFile.js                                                                  2.29 kB
.svelte-kit/output/server/entries/pages/admin/vehicles/seasonal/_id_/rates/_page.server.js                     2.30 kB
.svelte-kit/output/server/entries/pages/admin/vehicles/seasonal/_id_/rates2/_page.server.js                    2.30 kB
.svelte-kit/output/server/chunks/InputSelect.js                                                                2.32 kB
.svelte-kit/output/server/chunks/Trip.js                                                                       2.36 kB
.svelte-kit/output/server/chunks/index2.js                                                                     2.36 kB
.svelte-kit/output/server/chunks/InputDateRange.js                                                             2.36 kB
.svelte-kit/output/server/entries/pages/(public)/soap/_page.server.js                                          2.39 kB
.svelte-kit/output/server/chunks/InputImage.js                                                                 2.41 kB
.svelte-kit/output/server/chunks/index.js                                                                      2.49 kB
.svelte-kit/output/server/entries/pages/admin/sales/calculator/detail/_page.server.js                          2.56 kB
.svelte-kit/output/server/chunks/CaretLeft.js                                                                  2.59 kB
.svelte-kit/output/server/chunks/FeeAdjustments.js                                                             2.60 kB
.svelte-kit/output/server/entries/pages/(public)/soap/avail/_page.server.js                                    2.60 kB
.svelte-kit/output/server/chunks/PageHeader2.js                                                                2.63 kB
.svelte-kit/output/server/entries/pages/(public)/faqs/_page.svelte.js                                          2.66 kB
.svelte-kit/output/server/entries/pages/login/_page.svelte.js                                                  2.86 kB
.svelte-kit/output/server/entries/pages/admin/templates/letterhead/_page.svelte.js                             2.87 kB
.svelte-kit/output/server/entries/pages/(public)/booking/process/_page.server.js                               2.97 kB
.svelte-kit/output/server/entries/pages/admin/sales/manual_quotations/_id_/_page.svelte.js                     3.00 kB
.svelte-kit/output/server/entries/pages/(public)/search/book/_page.server.js                                   3.06 kB
.svelte-kit/output/server/chunks/RadioButtonGroup.js                                                           3.08 kB
.svelte-kit/output/server/chunks/InputManyRelation.js                                                          3.12 kB
.svelte-kit/output/server/entries/pages/admin/sales/calculator/book/_page.svelte.js                            3.13 kB
.svelte-kit/output/server/entries/pages/admin/sales/calculatorbak/book/_page.svelte.js                         3.13 kB
.svelte-kit/output/server/chunks/InputDateRange2.js                                                            3.17 kB
.svelte-kit/output/server/chunks/Toggle.js                                                                     3.17 kB
.svelte-kit/output/server/entries/pages/admin/sales/goholi_quotations/_id_/_page.svelte.js                     3.21 kB
.svelte-kit/output/server/entries/pages/admin/sales/tour_quotations/_id_/_page.svelte.js                       3.21 kB
.svelte-kit/output/server/entries/pages/admin/sales/(v2)/archives/_id_/_page.server.js                         3.23 kB
.svelte-kit/output/server/entries/pages/admin/sales/(v2)/trash/_id_/_page.server.js                            3.23 kB
.svelte-kit/output/server/chunks/Form.js                                                                       3.26 kB
.svelte-kit/output/server/entries/pages/(public)/blog/_slug_/_page.svelte.js                                   3.30 kB
.svelte-kit/output/server/entries/pages/admin/vehicles/seasonal/_id_/rates/_page.svelte.js                     3.33 kB
.svelte-kit/output/server/entries/pages/admin/vehicles/seasonal/_id_/rates2/_page.svelte.js                    3.33 kB
.svelte-kit/output/server/chunks/CopyButton.js                                                                 3.33 kB
.svelte-kit/output/server/chunks/WarningAltFilled.js                                                           3.40 kB
.svelte-kit/output/server/chunks/RadioButton.js                                                                3.40 kB
.svelte-kit/output/server/chunks/FormClient.js                                                                 3.40 kB
.svelte-kit/output/server/entries/pages/(public)/specials/_slug_/_page.svelte.js                               3.43 kB
.svelte-kit/output/server/entries/pages/(public)/attractions/_slug_/_page.svelte.js                            3.46 kB
.svelte-kit/output/server/entries/pages/(public)/sitemap/_page.svelte.js                                       3.51 kB
.svelte-kit/output/server/entries/pages/admin/sales/(v2)/search/v2/_page.svelte.js                             3.53 kB
.svelte-kit/output/server/entries/pages/(public)/routes/_slug_/_page.svelte.js                                 3.54 kB
.svelte-kit/output/server/entries/pages/(public)/events/_slug_/_page.svelte.js                                 3.54 kB
.svelte-kit/output/server/entries/pages/(public)/destinations/_slug_/_page.svelte.js                           3.56 kB
.svelte-kit/output/server/entries/pages/admin/templates/(email)/_id_/_page.svelte.js                           3.61 kB
.svelte-kit/output/server/entries/pages/(public)/blog/_page.svelte.js                                          3.69 kB
.svelte-kit/output/server/entries/pages/(public)/events/_page.svelte.js                                        3.71 kB
.svelte-kit/output/server/entries/pages/(public)/routes/_page.svelte.js                                        3.71 kB
.svelte-kit/output/server/entries/pages/(public)/specials/_page.svelte.js                                      3.72 kB
.svelte-kit/output/server/entries/pages/(public)/rates/_page.svelte.js                                         3.74 kB
.svelte-kit/output/server/entries/pages/(public)/terms/_id_/_page.svelte.js                                    3.74 kB
.svelte-kit/output/server/entries/pages/(public)/attractions/_page.svelte.js                                   3.78 kB
.svelte-kit/output/server/entries/endpoints/sitemap.xml/_server.js                                             3.79 kB
.svelte-kit/output/server/entries/pages/(public)/destinations/_page.svelte.js                                  3.80 kB
.svelte-kit/output/server/entries/pages/admin/settings/bank/_page.svelte.js                                    3.80 kB
.svelte-kit/output/server/entries/pages/(public)/_slug_/_page.svelte.js                                        4.00 kB
.svelte-kit/output/server/entries/pages/admin/sales/manual_bookings/_id_/_page.svelte.js                       4.00 kB
.svelte-kit/output/server/entries/pages/admin/sales/goholi_bookings/_id_/_page.svelte.js                       4.08 kB
.svelte-kit/output/server/entries/pages/admin/sales/tour_bookings/_id_/_page.svelte.js                         4.08 kB
.svelte-kit/output/server/entries/pages/admin/templates/ticket/_page.svelte.js                                 4.10 kB
.svelte-kit/output/server/entries/pages/admin/templates/quotation/_page.svelte.js                              4.18 kB
.svelte-kit/output/server/entries/pages/admin/templates/provisional/_page.svelte.js                            4.27 kB
.svelte-kit/output/server/entries/pages/admin/vehicles/categories/_id_/_page.svelte.js                         4.28 kB
.svelte-kit/output/server/chunks/ToastNotification.js                                                          4.32 kB
.svelte-kit/output/server/entries/pages/(public)/vehicles/_page.svelte.js                                      4.37 kB
.svelte-kit/output/server/chunks/Checkbox.js                                                                   4.44 kB
.svelte-kit/output/server/chunks/NotificationActionButton.js                                                   4.70 kB
.svelte-kit/output/server/chunks/InputGallery.js                                                               4.86 kB
.svelte-kit/output/server/entries/pages/admin/vehicles/addons/_id_/(general)/_page.svelte.js                   4.87 kB
.svelte-kit/output/server/entries/pages/admin/contents/(blog)/categories/_id_/_page.svelte.js                  4.95 kB
.svelte-kit/output/server/entries/pages/admin/templates/(email)/attachments/_id_/(general)/_page.svelte.js     4.99 kB
.svelte-kit/output/server/entries/pages/admin/settings/sitemap/_page.svelte.js                                 5.07 kB
.svelte-kit/output/server/entries/pages/(public)/category/_type_/_slug_/_page.svelte.js                        5.10 kB
.svelte-kit/output/server/chunks/Table.js                                                                      5.19 kB
.svelte-kit/output/server/chunks/TextArea.js                                                                   5.19 kB
.svelte-kit/output/server/chunks/VehicleFeatures.js                                                            5.20 kB
.svelte-kit/output/server/chunks/ToolbarSearch.js                                                              5.26 kB
.svelte-kit/output/server/entries/pages/admin/vehicles/seasonal/_id_/(general)/_page.svelte.js                 5.26 kB
.svelte-kit/output/server/entries/pages/admin/vehicles/(vehicles)/_id_/contents/_page.svelte.js                5.34 kB
.svelte-kit/output/server/entries/pages/admin/vehicles/blockouts/_id_/_page.svelte.js                          5.35 kB
.svelte-kit/output/server/entries/pages/admin/contents/(pages)/attachments/_id_/(general)/_page.svelte.js      5.43 kB
.svelte-kit/output/server/entries/pages/admin/vehicles/routes/_id_/(general)/_page.svelte.js                   5.48 kB
.svelte-kit/output/server/entries/pages/embed/_page.svelte.js                                                  5.64 kB
.svelte-kit/output/server/entries/pages/admin/vehicles/flex/_id_/v2/_page.server.js                            5.78 kB
.svelte-kit/output/server/entries/pages/admin/sales/calculator/confirm/_page.server.js                         5.93 kB
.svelte-kit/output/server/entries/pages/admin/sales/calculatorbak/confirm/_page.server.js                      5.97 kB
.svelte-kit/output/server/entries/pages/admin/vehicles/flex/_id_/_page.server.js                               6.07 kB
.svelte-kit/output/server/entries/pages/admin/contents/(sections)/specials/_id_/_page.svelte.js                6.13 kB
.svelte-kit/output/server/chunks/BreadcrumbItem.js                                                             6.13 kB
.svelte-kit/output/server/entries/pages/admin/contents/(travel)/events_states/_id_/_page.svelte.js             6.15 kB
.svelte-kit/output/server/entries/pages/admin/contents/(travel)/routes_states/_id_/_page.svelte.js             6.16 kB
.svelte-kit/output/server/entries/pages/admin/contents/(travel)/attractions_states/_id_/_page.svelte.js        6.16 kB
.svelte-kit/output/server/entries/pages/admin/vehicles/routes/_id_/routes/_page.svelte.js                      6.17 kB
.svelte-kit/output/server/entries/pages/admin/vehicles/(vehicles)/_id_/specifications/_page.svelte.js          6.24 kB
.svelte-kit/output/server/entries/pages/admin/sales/(v2)/quotes/_id_/_page.server.js                           6.44 kB
.svelte-kit/output/server/entries/pages/admin/vehicles/(vehicles)/_id_/faqs/_page.svelte.js                    6.48 kB
.svelte-kit/output/server/chunks/Tag.js                                                                        6.65 kB
.svelte-kit/output/server/entries/pages/admin/contents/(travel)/destinations/_id_/_page.svelte.js              6.75 kB
.svelte-kit/output/server/chunks/SearchForm.js                                                                 6.97 kB
.svelte-kit/output/server/chunks/Button.js                                                                     6.99 kB
.svelte-kit/output/server/entries/pages/admin/contents/(blog)/articles/_id_/(general)/_page.svelte.js          7.13 kB
.svelte-kit/output/server/chunks/SectionDataTable.js                                                           7.24 kB
.svelte-kit/output/server/entries/pages/admin/contents/(travel)/events/_id_/_page.svelte.js                    7.30 kB
.svelte-kit/output/server/entries/pages/admin/contents/(travel)/routes/_id_/_page.svelte.js                    7.31 kB
.svelte-kit/output/server/entries/pages/admin/contents/(travel)/attractions/_id_/_page.svelte.js               7.31 kB
.svelte-kit/output/server/entries/pages/admin/vehicles/bonds/_id_/compulsory/_page.svelte.js                   7.33 kB
.svelte-kit/output/server/entries/pages/(public)/form/tour/quote/_page.server.js                               7.38 kB
.svelte-kit/output/server/chunks/Search.js                                                                     7.38 kB
.svelte-kit/output/server/entries/pages/admin/vehicles/fees/_id_/_page.svelte.js                               7.39 kB
.svelte-kit/output/server/entries/pages/(public)/form/tour/goholi/quote/_page.server.js                        7.42 kB
.svelte-kit/output/server/entries/pages/admin/users/_id_/(general)/_page.svelte.js                             7.47 kB
.svelte-kit/output/server/chunks/internal.js                                                                   7.56 kB
.svelte-kit/output/server/entries/pages/admin/vehicles/suppliers/_id_/depots/_page.svelte.js                   7.58 kB
.svelte-kit/output/server/entries/pages/admin/vehicles/(rates)/seasonal2/_id_/_page.svelte.js                  7.63 kB
.svelte-kit/output/server/chunks/NotificationIcon.js                                                           7.86 kB
.svelte-kit/output/server/chunks/AccordionItem.js                                                              7.88 kB
.svelte-kit/output/server/entries/pages/(public)/form/tour/booking/_page.server.js                             8.18 kB
.svelte-kit/output/server/chunks/TextInput.js                                                                  8.20 kB
.svelte-kit/output/server/entries/pages/(public)/form/tour/goholi/booking/_page.server.js                      8.23 kB
.svelte-kit/output/server/entries/pages/admin/sales/(v2)/pt/_id_/_page.server.js                               8.24 kB
.svelte-kit/output/server/chunks/SearchResults.js                                                              8.27 kB
.svelte-kit/output/server/entries/pages/(public)/form/vehicle/quote/_page.server.js                            8.32 kB
.svelte-kit/output/server/entries/pages/admin/contents/(pages)/_id_/(general)/_page.svelte.js                  8.36 kB
.svelte-kit/output/server/entries/pages/(public)/search/_page.svelte.js                                        8.37 kB
.svelte-kit/output/server/entries/pages/admin/sales/(v2)/ft/_id_/_page.server.js                               8.39 kB
.svelte-kit/output/server/chunks/Summary.js                                                                    8.50 kB
.svelte-kit/output/server/entries/pages/admin/sales/(v2)/archives/_id_/_page.svelte.js                         8.52 kB
.svelte-kit/output/server/entries/pages/admin/sales/(v2)/trash/_id_/_page.svelte.js                            8.52 kB
.svelte-kit/output/server/chunks/TabContent.js                                                                 8.57 kB
.svelte-kit/output/server/entries/pages/(public)/booking/detail/_page.svelte.js                                8.95 kB
.svelte-kit/output/server/entries/pages/admin/vehicles/addons/_id_/addons/_page.svelte.js                      8.96 kB
.svelte-kit/output/server/chunks/InputJsonSeasonalRates.js                                                     9.03 kB
.svelte-kit/output/server/chunks/Modal.js                                                                      9.20 kB
.svelte-kit/output/server/entries/pages/(public)/form/vehicle/booking/_page.server.js                          9.24 kB
.svelte-kit/output/server/entries/pages/admin/sales/quotation/_id_/_page.server.js                             9.29 kB
.svelte-kit/output/server/chunks/SelectItem.js                                                                 9.63 kB
.svelte-kit/output/server/entries/pages/(public)/vehicles/_slug_/_page.svelte.js                               9.80 kB
.svelte-kit/output/server/entries/pages/admin/vehicles/(vehicles)/_id_/(general)/_page.svelte.js               9.95 kB
.svelte-kit/output/server/entries/pages/admin/sales/(v2)/pt/_id_/_page.svelte.js                              10.02 kB
.svelte-kit/output/server/entries/pages/admin/sales/booking/bak/_page.server.js                               10.03 kB
.svelte-kit/output/server/entries/pages/admin/sales/(v2)/ft/_id_/_page.svelte.js                              10.03 kB
.svelte-kit/output/server/entries/pages/admin/sales/(v2)/quotes/_id_/_page.svelte.js                          10.23 kB
.svelte-kit/output/server/chunks/Filter.js                                                                    10.33 kB
.svelte-kit/output/server/chunks/index3.js                                                                    10.46 kB
.svelte-kit/output/server/entries/pages/admin/sales/(v2)/book/_id_/_page.svelte.js                            10.67 kB
.svelte-kit/output/server/entries/pages/admin/_page.svelte.js                                                 10.72 kB
.svelte-kit/output/server/entries/pages/admin/sales/final/_id_/_page.server.js                                10.83 kB
.svelte-kit/output/server/entries/pages/admin/sales/provisional/_id_/_page.server.js                          10.84 kB
.svelte-kit/output/server/entries/pages/(public)/search/book/_page.svelte.js                                  10.92 kB
.svelte-kit/output/server/chunks/forms.js                                                                     11.01 kB
.svelte-kit/output/server/chunks/OverflowMenuItem.js                                                          11.08 kB
.svelte-kit/output/server/chunks/NumberInput.js                                                               11.16 kB
.svelte-kit/output/server/entries/pages/admin/vehicles/bonds/_id_/(general)/_page.svelte.js                   11.32 kB
.svelte-kit/output/server/chunks/forms_tour.js                                                                11.41 kB
.svelte-kit/output/server/chunks/FileUploader.js                                                              11.69 kB
.svelte-kit/output/server/entries/pages/admin/sales/booking/_id_/_page.server.js                              12.18 kB
.svelte-kit/output/server/entries/pages/(public)/_layout.svelte.js                                            12.25 kB
.svelte-kit/output/server/entries/pages/(public)/search/detail/_page.svelte.js                                12.59 kB
.svelte-kit/output/server/chunks/PasswordInput.js                                                             12.70 kB
.svelte-kit/output/server/chunks/Results.js                                                                   13.28 kB
.svelte-kit/output/server/entries/pages/admin/settings/(site)/_page.svelte.js                                 13.50 kB
.svelte-kit/output/server/entries/pages/admin/vehicles/suppliers/_id_/(general)/_page.svelte.js               13.50 kB
.svelte-kit/output/server/entries/pages/admin/vehicles/flex/_id_/v2/_page.svelte.js                           13.90 kB
.svelte-kit/output/server/entries/pages/admin/users/admin/_id_/(general)/_page.svelte.js                      14.09 kB
.svelte-kit/output/server/entries/pages/admin/vehicles/flex/_id_/_page.svelte.js                              14.71 kB
.svelte-kit/output/server/entries/pages/admin/sales/final/_id_/_page.svelte.js                                14.81 kB
.svelte-kit/output/server/entries/pages/admin/sales/provisional/_id_/_page.svelte.js                          14.82 kB
.svelte-kit/output/server/entries/pages/admin/sales/booking/bak/_page.svelte.js                               15.03 kB
.svelte-kit/output/server/entries/pages/(public)/form/tour/quote/_page.svelte.js                              15.24 kB
.svelte-kit/output/server/entries/pages/(public)/form/tour/goholi/quote/_page.svelte.js                       15.26 kB
.svelte-kit/output/server/chunks/Status.js                                                                    16.02 kB
.svelte-kit/output/server/chunks/pdf.js                                                                       16.48 kB
.svelte-kit/output/server/chunks/db.js                                                                        16.76 kB
.svelte-kit/output/server/chunks/confirmation2.js                                                             17.10 kB
.svelte-kit/output/server/entries/pages/admin/vehicles/terms/_id_/_page.svelte.js                             17.22 kB
.svelte-kit/output/server/entries/pages/admin/sales/calculatorbak/detail/_page.svelte.js                      17.30 kB
.svelte-kit/output/server/entries/pages/admin/vehicles/specials/_id_/_page.svelte.js                          17.33 kB
.svelte-kit/output/server/entries/pages/admin/sales/quotation/_id_/_page.svelte.js                            17.37 kB
.svelte-kit/output/server/chunks/confirmation.js                                                              18.51 kB
.svelte-kit/output/server/chunks/provisional.js                                                               18.88 kB
.svelte-kit/output/server/chunks/DatePickerInput.js                                                           18.94 kB
.svelte-kit/output/server/chunks/final2.js                                                                    19.13 kB
.svelte-kit/output/server/chunks/quote.js                                                                     19.21 kB
.svelte-kit/output/server/entries/pages/(public)/form/vehicle/quote/_page.svelte.js                           19.77 kB
.svelte-kit/output/server/entries/pages/admin/sales/calculatorbak/_page.server.js                             21.26 kB
.svelte-kit/output/server/entries/pages/(public)/form/tour/booking/_page.svelte.js                            22.96 kB
.svelte-kit/output/server/entries/pages/(public)/form/tour/goholi/booking/_page.svelte.js                     22.98 kB
.svelte-kit/output/server/chunks/FeeSpecials.js                                                               23.36 kB
.svelte-kit/output/server/chunks/cal.js                                                                       24.03 kB
.svelte-kit/output/server/entries/pages/admin/sales/calculator/detail/_page.svelte.js                         24.11 kB
.svelte-kit/output/server/entries/pages/admin/sales/booking/_id_/_page.svelte.js                              24.33 kB
.svelte-kit/output/server/chunks/Addons.js                                                                    25.02 kB
.svelte-kit/output/server/entries/pages/admin/sales/(v2)/search/detail/_page.svelte.js                        25.27 kB
.svelte-kit/output/server/chunks/MultiSelect.js                                                               26.70 kB
.svelte-kit/output/server/chunks/html.js                                                                      26.93 kB
.svelte-kit/output/server/entries/pages/(public)/form/vehicle/quote/bak/_page.svelte.js                       27.05 kB
.svelte-kit/output/server/entries/pages/(public)/form/vehicle/booking/_page.svelte.js                         27.55 kB
.svelte-kit/output/server/entries/pages/(public)/booking/_id_/_page.svelte.js                                 27.98 kB
.svelte-kit/output/server/entries/pages/(public)/booking/_id_/_page.server.js                                 29.23 kB
.svelte-kit/output/server/chunks/calculator.js                                                                33.13 kB
.svelte-kit/output/server/entries/pages/(public)/_page.svelte.js                                              34.02 kB
.svelte-kit/output/server/chunks/final.js                                                                     34.70 kB
.svelte-kit/output/server/chunks/provisional2.js                                                              35.47 kB
.svelte-kit/output/server/chunks/Pagination.js                                                                36.93 kB
.svelte-kit/output/server/entries/pages/(public)/form/vehicle/booking/bak/_page.svelte.js                     39.72 kB
.svelte-kit/output/server/chunks/quotation.js                                                                 39.92 kB
.svelte-kit/output/server/chunks/Form2.js                                                                     40.38 kB
.svelte-kit/output/server/entries/pages/admin/sales/(v2)/book/_id_/_page.server.js                            44.35 kB
.svelte-kit/output/server/chunks/Form3.js                                                                     79.75 kB
.svelte-kit/output/server/entries/pages/admin/_layout.svelte.js                                               86.34 kB
.svelte-kit/output/server/index.js                                                                            90.01 kB
.svelte-kit/output/server/entries/pages/admin/vehicles/flex/test/_page.server.js                             267.50 kB

Run npm run preview to preview your production build locally.

> Using @sveltejs/adapter-vercel
error during build:
Error: Unsupported Node.js version: v22.13.0. Please use Node 16, Node 18 or Node 20 to build your project, or explicitly specify a runtime in your adapter configuration.
    at get_default_runtime (file:///Users/yeehow/Development/A4WD/node_modules/@sveltejs/adapter-vercel/index.js:16:8)
    at adapt (file:///Users/yeehow/Development/A4WD/node_modules/@sveltejs/adapter-vercel/index.js:156:67)
    at adapt (file:///Users/yeehow/Development/A4WD/node_modules/@sveltejs/kit/src/core/adapt/index.js:37:8)
    at finalise (file:///Users/yeehow/Development/A4WD/node_modules/@sveltejs/kit/src/exports/vite/index.js:810:13)
    at async Object.handler (file:///Users/yeehow/Development/A4WD/node_modules/@sveltejs/kit/src/exports/vite/index.js:840:5)
    at async PluginDriver.hookParallel (file:///Users/yeehow/Development/A4WD/node_modules/rollup/dist/es/shared/node-entry.js:25466:17)
    at async Object.close (file:///Users/yeehow/Development/A4WD/node_modules/rollup/dist/es/shared/node-entry.js:26726:13)
    at async build (file:///Users/yeehow/Development/A4WD/node_modules/vite/dist/node/chunks/dep-41cf5ffd.js:48095:13)
    at async CAC.<anonymous> (file:///Users/yeehow/Development/A4WD/node_modules/vite/dist/node/cli.js:842:9)
